kind,label,rev_yi,yoy_pct,period_end,notice_date,px_on_notice
Q3,2016Q3,4.187811110899999,14.392006673809377,2016-09-30,2016-10-26,16.18
FY,FY2016,5.7017039464999995,15.033100956970348,2016-12-31,2017-04-28,10.23
Q1,2017Q1,1.3727300604,9.196686760676464,2017-03-31,2017-04-28,10.23
H1,2017H1,3.1295996058999997,13.004986702164857,2017-06-30,2017-08-17,8.21
Q3,2017Q3,4.7660089551,13.806683942718244,2017-09-30,2017-10-25,8.46
FY,FY2017,6.5140158222,14.246826620990017,2017-12-31,2018-04-27,6.12
Q1,2018Q1,1.7322046051,26.186834183208084,2018-03-31,2018-04-27,6.12
H1,2018H1,4.2418970998,35.54120762934241,2018-06-30,2018-08-23,4.94
Q3,2018Q3,6.6271751482,39.050832900941316,2018-09-30,2018-10-23,4.42
FY,FY2018,9.1311450219,40.17689350370826,2018-12-31,2019-03-12,8.45
Q1,2019Q1,2.3238559627,34.15597417637879,2019-03-31,2019-04-23,9.06
H1,2019H1,5.3207722657,25.433789187174472,2019-06-30,2019-08-20,7.19
Q3,2019Q3,8.2878625441,25.058752164578845,2019-09-30,2019-10-22,8.16
FY,FY2019,11.128447781300002,21.87351919841052,2019-12-31,2020-04-11,9.0
Q1,2020Q1,2.6364294319,13.450638689191074,2020-03-31,2020-04-29,9.79
H1,2020H1,6.1660877599,15.887082776484718,2020-06-30,2020-08-18,20.6
Q3,2020Q3,9.691045977,16.930582830417528,2020-09-30,2020-10-27,19.88
FY,FY2020,13.0888797269,17.61640063490495,2020-12-31,2021-03-17,30.29
Q1,2021Q1,3.2913821019,24.842412320059502,2021-03-31,2021-04-20,39.73
H1,2021H1,7.5276220493,22.081007316413558,2021-06-30,2021-08-26,44.24
Q3,2021Q3,11.7101890093,20.835140366603188,2021-09-30,2021-10-19,41.89
FY,FY2021,15.604941231700002,19.222894222406552,2021-12-31,2022-04-26,32.94
Q1,2022Q1,3.9184924922000004,19.053102036922166,2022-03-31,2022-04-26,32.94
H1,2022H1,9.0738482189,20.540698768793607,2022-06-30,2022-07-26,29.71
Q3,2022Q3,13.32097422,13.755415983642493,2022-09-30,2022-10-28,21.75
FY,FY2022,17.2348331008,10.444716483705951,2022-12-31,2023-04-26,18.3
Q1,2023Q1,3.7501250324,-4.2967406505217465,2023-03-31,2023-04-26,18.3
H1,2023H1,7.5038324864999995,-17.302644859430217,2023-06-30,2023-08-29,16.41
Q3,2023Q3,11.784843006500001,-11.5316731954459,2023-09-30,2023-10-31,16.02
FY,FY2023,15.5622549978,-9.704637655715754,2023-12-31,2024-04-27,13.26
Q1,2024Q1,4.353734861,16.09572543275184,2024-03-31,2024-04-27,13.26
H1,2024H1,9.3520876688,24.630816127960742,2024-06-30,2024-08-20,11.06
Q3,2024Q3,14.351642498399999,21.78051494181352,2024-09-30,2024-10-29,13.58
FY,FY2024,19.5650351616,25.72108068121146,2024-12-31,2025-04-26,11.24
Q1,2025Q1,4.6692936803,7.248002677579679,2025-03-31,2025-04-26,11.24
H1,2025H1,9.7173621589,3.905806949592794,2025-06-30,2025-08-26,14.12
Q3,2025Q3,14.366916206199999,0.10642480678921817,2025-09-30,2025-10-29,12.76
FY,FY2025,19.1183485643,-2.283086095223108,2025-12-31,2026-04-27,27.7
Q1,2026Q1,5.966430441900001,27.78014942758238,2026-03-31,2026-04-27,27.7
H1,2026H1,12.2482976277,26.04549905019182,2026-06-30,2026-08-19,21.01
