section,region,item,v1,v2,v3,v4,H2_vs_H1_pct
字段说明,,revenue: v1=22H1收入 v2=22H2收入 v3=22A收入(千元),efficiency: v1=H1末数 v2=A末数 v3=H1单店 v4=H2单店(千元/期),ip: v1=22H1 v2=22H2 v3=22A(百万元),,
revenue,中国内地,零售店,891701,799411,1691112,-10.3
revenue,中国内地,线上,977933,851876,1829809,-12.9
revenue,中国内地,机器人商店,203957,174873,378830,-14.3
revenue,中国内地,批发,128537,135098,263635,5.1
revenue,港澳台及海外,零售店,34794,100765,135559,189.6
revenue,港澳台及海外,线上,34829,55395,90224,59.0
revenue,港澳台及海外,机器人商店,3863,11346,15209,193.7
revenue,港澳台及海外,批发,83204,129742,212946,55.9
revenue,中国内地,小计,2202128,1961258,4163386,-10.9
revenue,港澳台及海外,小计,156690,297248,453938,89.7
revenue,合计,总收入,2358818,2258506,4617324,-4.3
efficiency,中国内地,零售店,308,329,2895.1,2429.8,-16.1
efficiency,中国内地,机器人商店,1916,2067,106.4,84.6,-20.5
efficiency,港澳台及海外,零售店(含加盟),24,43,1449.8,2343.4,61.6
efficiency,港澳台及海外,机器人商店(含加盟),98,120,39.4,94.5,139.9
ip,,SKULLPANDA,461.8,389.8,851.6,,-15.6
ip,,MOLLY,404.3,397.9,802.2,,-1.6
ip,,DIMOO,298.4,279.5,577.9,,-6.3
ip,,小甜豆,81.2,66.7,147.9,,-17.9
ip,,SKULLPANDA 夜之城系列（累计）,179.1,49.3,228.4,,-72.5
ip,,MEGA 珍藏系列,193.4,273.4,466.8,,41.4
