code,name,industry,price,pe,pb,mktcap_yi,nmc_yi,rev_26h1,rev_25h1,rev_yoy_calc,np_26h1,np_25h1,np_yoy_calc,gm_26h1,gm_25h1,gm_chg_pp,roe_26h1,fin_err
688256,寒武纪科技,软件和信息技术服务业,1091.48,221.396,50.635,6863.82,6863.82,59.9557,28.8064,108.13,23.1091,10.3808,122.61,55.250573,55.925353,-0.67,18.05,
600406,国电南瑞,软件和信息技术服务业,22.27,21.413,3.435,1788.67,1783.42,277.6719,242.4321,14.54,30.7269,29.5219,4.08,25.339295,26.45032,-1.11,5.73,
688702,盛科通信,软件和信息技术服务业,328.5,-887.838,59.848,1346.85,686.69,6.7068,5.0795,32.04,-0.1757,-0.2369,25.83,43.968635,46.698776,-2.73,-0.78,
300442,润泽科技,软件和信息技术服务业,68.01,22.67,7.701,1116.07,1112.8,37.4569,24.9622,50.05,12.0345,8.8212,36.43,46.580711,49.395757,-2.82,8.47,
688521,芯原微电子,软件和信息技术服务业,207.45,-201.408,37.293,1091.01,1091.01,18.6354,9.738,91.37,-6.1213,-3.1985,-91.38,31.342202,43.323789,-11.98,-19.29,
002602,世纪华通,软件和信息技术服务业,14.23,18.244,3.065,1048.85,967.19,221.1704,172.0709,28.53,45.0272,26.5638,69.51,72.687249,69.497704,3.19,13.87,
688111,金山办公,软件和信息技术服务业,222.03,55.927,6.833,1030.25,1030.25,33.1326,26.5712,24.69,25.1759,7.472,236.94,84.895308,85.031921,-0.14,17.76,
002230,科大讯飞,软件和信息技术服务业,38.32,106.444,4.03,920.48,839.2,116.2277,109.1094,6.52,-2.0384,-2.3893,14.69,39.754421,40.229149,-0.47,-0.99,
301638,南网数字,软件和信息技术服务业,21.1,91.739,6.026,670.91,52.8,22.1771,15.577,42.37,2.0243,0.1303,1453.57,34.623239,33.175458,1.45,1.81,
688777,中控技术,软件和信息技术服务业,80.02,142.893,6.424,633.11,629.92,36.3496,38.3024,-5.1,1.5509,3.5408,-56.2,31.665627,32.080259,-0.41,1.55,
601360,XD三六零,互联网和相关服务,8.95,223.75,2.218,626.46,626.46,41.7212,38.2714,9.01,2.1569,-2.8178,176.55,69.662368,66.545401,3.12,0.74,
300454,深信服,软件和信息技术服务业,141.99,152.677,5.533,612.77,408.93,39.9787,30.0935,32.85,2.3123,-2.2764,201.58,60.888758,62.092221,-1.2,2.2,
300418,昆仑万维,互联网和相关服务,41.76,-32.625,3.626,536.63,490.45,53.592,37.3334,43.55,10.8801,-8.5555,227.17,65.575385,69.877605,-4.3,7.92,
600845,宝信软件,软件和信息技术服务业,18.26,39.956,4.707,521.85,389.68,56.3188,47.1471,19.45,7.0678,7.1253,-0.81,29.784273,34.994506,-5.21,6.32,
301269,华大九天,软件和信息技术服务业,87.56,796.0,9.266,479.72,479.72,5.6646,5.0154,12.94,-0.4506,0.0307,-1567.75,87.482732,89.121768,-1.64,-0.9,
688536,思瑞浦股份,软件和信息技术服务业,346.81,266.777,7.233,478.86,470.44,16.0582,9.4915,69.19,3.0776,0.6569,368.5,49.003901,46.381477,2.62,4.81,
002558,巨人网络,互联网和相关服务,23.62,25.128,2.668,448.91,448.91,46.8873,16.622,182.08,21.443,7.7705,175.95,95.789993,90.777979,5.01,13.22,
688052,纳芯微电子,软件和信息技术服务业,253.01,-158.131,5.343,413.68,362.84,25.4042,15.2366,66.73,0.6759,-0.7801,186.64,32.089718,35.213866,-3.12,0.88,
688188,上海柏楚电子科技,软件和信息技术服务业,95.25,24.676,6.093,386.29,386.29,12.7825,11.0348,15.84,7.8715,6.4012,22.97,73.928625,78.829206,-4.9,12.33,
002555,三七互娱,互联网和相关服务,17.38,13.167,2.729,384.49,283.95,72.7464,84.8612,-14.28,17.6627,14.0025,26.14,77.472735,76.706586,0.77,12.35,
301396,宏景科技,软件和信息技术服务业,176.85,1028.198,28.918,380.09,250.25,18.4326,7.1881,156.43,1.3709,0.6028,127.42,34.878161,20.039483,14.84,10.74,
688099,晶晨半导体,软件和信息技术服务业,89.52,43.038,4.753,378.96,378.96,43.9146,33.3041,31.86,6.1079,4.9657,23.0,38.725845,36.800385,1.93,7.97,
300017,网宿科技,软件和信息技术服务业,15.14,45.879,3.637,377.85,358.28,23.1811,23.5057,-1.38,3.479,3.7251,-6.61,35.918859,33.444167,2.47,3.24,
600570,恒生电子,软件和信息技术服务业,19.94,30.677,3.888,377.59,377.59,21.4378,24.2642,-11.65,2.6066,2.6051,0.06,69.361259,69.550413,-0.19,2.65,
301236,软通动力,软件和信息技术服务业,35.95,163.409,2.842,372.15,312.03,186.0711,157.8074,17.91,-2.6466,-1.426,-85.6,9.604191,10.624903,-1.02,-2.03,
300413,芒果超媒,互联网和相关服务,19.0,28.788,1.54,355.44,194.12,61.9378,59.6368,3.86,2.0169,7.634,-73.58,20.049158,26.557202,-6.51,0.86,
002517,恺英网络,互联网和相关服务,16.17,18.169,3.293,345.46,303.87,47.9659,25.7801,86.06,14.2832,9.5004,50.34,76.872824,82.380524,-5.51,13.74,
002195,岩山科技,软件和信息技术服务业,6.01,368.712,3.441,340.56,337.51,3.4205,3.1681,7.97,0.5951,0.6711,-11.32,30.024361,27.425731,2.6,0.6,
600588,用友网络,软件和信息技术服务业,9.3,-22.683,4.728,317.78,317.78,37.271,35.8105,4.08,-9.285,-9.4452,1.7,50.891121,48.329516,2.56,-13.52,
002261,拓维信息,软件和信息技术服务业,24.93,491.716,12.025,314.1,285.72,13.1153,13.064,0.39,0.6922,0.7881,-12.17,18.721038,16.19213,2.53,2.69,
002131,利欧股份,互联网和相关服务,4.31,828.846,2.205,291.86,252.34,101.8838,96.3533,5.74,1.3832,4.7819,-71.07,7.300715,8.77646,-1.48,1.06,
600536,中国软件,软件和信息技术服务业,30.69,-613.8,7.986,286.58,258.92,17.9232,22.4187,-20.05,-0.124,-0.7453,83.36,49.830694,39.730838,10.1,-0.35,
688368,晶丰明源半导体,软件和信息技术服务业,140.21,350.525,5.688,285.76,178.0,14.5227,7.3149,98.54,0.8655,0.1576,449.18,37.203395,39.589338,-2.39,3.05,
688449,联芸科技,软件和信息技术服务业,61.61,198.742,11.653,283.41,180.64,8.5411,6.0972,40.08,5.1955,0.5613,825.62,49.852621,51.656476,-1.8,23.84,
688318,财富趋势,软件和信息技术服务业,78.0,63.415,7.302,279.68,279.68,1.2134,1.3293,-8.72,0.9212,1.0703,-13.93,67.713163,79.530899,-11.82,2.37,
688018,乐鑫科技,软件和信息技术服务业,118.64,37.64,5.91,278.07,278.07,14.8071,12.4554,18.88,3.3423,2.6126,27.93,49.317848,45.204119,4.11,7.26,
300339,润和软件,软件和信息技术服务业,33.9,282.5,7.372,269.98,263.64,18.7852,17.469,7.53,0.8266,0.5982,38.18,22.661458,23.718952,-1.06,2.29,
300496,中科创达,软件和信息技术服务业,55.04,56.209,2.402,254.13,203.39,43.0456,32.9945,30.46,2.456,1.5847,54.98,29.077182,33.157046,-4.08,2.35,
603444,吉比特,互联网和相关服务,342.0,13.735,4.068,246.38,246.38,37.2684,25.179,48.01,10.9154,6.4468,69.32,93.707793,92.314859,1.39,18.57,
688279,峰岹科技,软件和信息技术服务业,213.56,98.87,4.697,245.84,199.8,5.609,3.7504,49.56,1.9921,1.1651,70.98,52.026328,52.413975,-0.39,3.83,
688568,中科星图公司,软件和信息技术服务业,30.3,757.5,7.084,244.85,244.85,5.1428,13.4802,-61.85,-3.1867,0.781,-508.03,38.364459,46.073758,-7.71,-8.79,
688692,达梦数据,软件和信息技术服务业,202.77,44.467,5.924,229.62,150.38,7.1281,5.2308,36.27,2.2102,2.0468,7.98,95.361827,96.224122,-0.86,5.79,
688343,云天励飞股份,软件和信息技术服务业,63.85,-54.11,6.44,229.61,229.61,6.3566,6.4579,-1.57,-2.5202,-2.0594,-22.38,29.046822,28.525512,0.52,-6.79,
600602,云赛智联,软件和信息技术服务业,16.68,117.465,4.583,228.13,179.19,28.8233,31.3229,-7.98,1.0186,0.9501,7.21,16.268962,16.068376,0.2,2.0674,
300085,银之杰,软件和信息技术服务业,30.51,-162.201,50.994,215.6,182.06,3.72,3.5768,4.0,-0.2269,-0.5348,57.57,31.291448,28.58086,2.71,-5.27,
002065,东华软件,软件和信息技术服务业,6.56,44.056,1.677,210.28,193.24,52.6949,56.2216,-6.27,2.2267,2.4377,-8.66,21.165239,20.209157,0.96,1.79,
301171,易点天下,互联网和相关服务,33.51,98.559,5.437,207.27,168.18,22.3235,17.3675,28.54,0.7845,1.4352,-45.34,13.867227,17.73972,-3.87,2.1,
603881,数据港,互联网和相关服务,23.95,126.053,6.105,206.46,206.46,7.8161,8.1051,-3.57,0.8588,0.8496,1.08,29.294206,28.990628,0.3,2.55,
001270,铖昌科技,软件和信息技术服务业,99.26,172.476,12.932,204.59,203.29,2.1597,2.0121,7.34,0.763,0.5663,34.73,83.027102,68.036624,14.99,4.91,
002153,石基信息,软件和信息技术服务业,7.46,-124.333,3.101,203.6,119.34,12.6911,12.4957,1.56,0.257,0.3354,-23.38,48.421166,47.440663,0.98,0.38,
300613,富瀚微,软件和信息技术服务业,86.88,137.905,6.372,202.34,190.87,14.6316,6.8804,112.66,3.4977,0.2302,1419.42,45.276706,35.448935,9.83,11.3,
000158,常山北明,软件和信息技术服务业,12.55,627.5,3.824,200.63,199.63,36.9749,37.215,-0.65,-1.134,-0.9299,-21.95,10.72943,10.990806,-0.26,-2.12,
300383,光环新网,软件和信息技术服务业,11.07,-26.357,1.676,198.99,198.72,33.3158,37.1583,-10.34,0.6086,1.1503,-47.09,13.731307,15.159565,-1.43,0.51,
000997,新大陆,软件和信息技术服务业,19.53,19.425,2.573,197.86,196.75,56.3732,40.1976,40.24,6.8969,5.9536,15.84,28.183736,35.754676,-7.57,9.07,
300277,汽轮科技,软件和信息技术服务业,12.92,1957.576,2.016,195.94,98.9,28.8121,25.2237,14.23,2.5441,1.5462,64.54,28.350716,25.183314,3.17,2.62,
688206,概伦电子,软件和信息技术服务业,36.79,459.875,9.735,195.36,160.62,2.4039,2.1844,10.05,-0.0673,0.4618,-114.57,85.120594,91.640821,-6.52,-0.34,
688561,奇安信集团,软件和信息技术服务业,28.61,-15.138,2.773,195.19,195.19,14.9662,17.4217,-14.09,-4.1128,-7.6984,46.58,50.998739,52.680099,-1.68,-5.68,
300738,奥飞数据,软件和信息技术服务业,19.31,141.258,5.187,190.24,190.18,14.6881,11.4799,27.95,1.9657,0.879,123.63,34.421477,33.494062,0.93,5.04,
002624,完美世界,互联网和相关服务,9.69,24.846,2.887,187.98,177.11,27.5102,36.9099,-25.47,-1.1844,5.0321,-123.54,69.705639,56.679118,13.03,-1.7,
603000,人民网,互联网和相关服务,16.81,87.37,4.953,185.87,185.87,7.3159,7.2132,1.42,0.2124,-0.0516,511.63,39.302977,38.744753,0.56,0.57,
002439,启明星辰,软件和信息技术服务业,14.35,-30.448,1.599,173.84,104.55,12.3462,11.3258,9.01,0.3079,-0.9335,132.98,56.185999,59.908293,-3.72,0.28,
000032,深桑达Ａ,互联网和相关服务,14.17,-126.858,2.378,172.19,172.19,242.631,234.3421,3.54,-2.084,-0.9749,-113.77,7.555218,9.213707,-1.66,-2.83,
600226,亨通股份,互联网和相关服务,5.78,82.571,4.609,171.92,171.92,14.1001,8.1821,72.33,0.9162,1.2695,-27.83,8.645263,8.123011,0.52,2.49,
688615,合合信息,软件和信息技术服务业,87.11,26.886,5.751,170.74,117.89,10.3096,8.431,22.28,2.4671,2.3539,4.81,86.954753,86.289363,0.67,8.27,
600410,华胜天成,软件和信息技术服务业,15.5,612.648,4.081,169.96,169.96,25.0146,22.6232,10.57,-2.4504,1.3978,-275.3,10.802078,12.130519,-1.33,-5.71,
600131,国网信通,软件和信息技术服务业,14.08,25.6,2.564,168.54,168.38,34.3329,35.2469,-2.59,2.3138,2.6588,-12.98,17.331287,22.117591,-4.79,3.54,
688332,中科蓝讯,软件和信息技术服务业,93.84,7.986,2.941,167.49,167.49,9.0529,8.1175,11.52,4.7962,1.3112,265.79,21.783074,22.924081,-1.14,8.74,
301316,慧博云通,软件和信息技术服务业,41.39,169.84,15.367,167.05,161.94,12.7021,10.2588,23.82,0.1946,0.0565,244.42,18.116212,20.84886,-2.73,1.76,
603171,税友股份,软件和信息技术服务业,40.02,117.706,6.351,162.44,162.44,10.1208,9.2241,9.72,0.94,0.7101,32.38,62.227168,59.060104,3.17,3.65,
300773,拉卡拉,互联网和相关服务,14.73,9.755,3.456,160.16,151.51,32.5674,26.5195,22.81,6.6897,2.2936,191.67,24.720776,25.123417,-0.4,14.67,
300170,汉得信息,软件和信息技术服务业,15.26,66.348,2.73,158.77,151.73,16.7007,15.7455,6.07,0.9436,0.8501,11.0,35.113748,34.867075,0.25,1.65,
300002,神州泰岳,互联网和相关服务,7.98,19.525,1.993,156.98,147.71,32.3384,26.8471,20.45,3.8193,5.0948,-25.04,43.881001,59.828636,-15.95,4.88,
920138,杰理科技,软件和信息技术服务业,35.64,23.919,3.057,154.31,12.34,14.5755,13.7296,6.16,3.1116,2.9306,6.18,32.255739,30.319907,1.94,6.95,
300253,卫宁健康,软件和信息技术服务业,6.9,-40.78,2.818,151.89,127.97,9.9441,8.3915,18.5,-1.764,-1.1797,-49.53,33.667778,36.410184,-2.74,-3.2,
301095,广立微,软件和信息技术服务业,74.96,166.578,4.78,150.13,130.81,3.4107,2.4594,38.68,0.3478,0.1568,121.81,60.398613,58.575895,1.82,1.09,
002990,盛视科技,软件和信息技术服务业,56.45,171.061,5.742,147.78,77.91,7.3428,5.4906,33.73,1.0666,0.2408,342.94,41.529654,39.291414,2.24,4.2,
002929,润建股份,软件和信息技术服务业,51.4,367.143,2.253,147.2,111.32,37.5559,48.6672,-22.83,0.2679,0.3923,-31.71,13.544331,13.477699,0.07,0.42,
603613,国联股份,互联网和相关服务,19.66,10.743,1.448,141.66,141.66,201.7986,240.4943,-16.09,6.8567,6.8015,0.81,7.956934,6.354616,1.6,7.26,
002405,四维图新,软件和信息技术服务业,5.95,134.312,1.697,141.02,140.17,17.6676,17.605,0.36,-4.8882,-3.1054,-57.41,22.443275,33.028287,-10.59,-5.66,
688031,星环科技,软件和信息技术服务业,103.7,-51.084,18.694,140.15,125.62,1.736,1.5251,13.83,-1.1284,-1.4295,21.06,47.113817,45.684697,1.43,-14.0,
000682,东方电子,软件和信息技术服务业,10.4,15.29,2.23,139.44,139.42,36.6735,31.6213,15.98,4.0286,3.0239,33.23,30.681485,33.080611,-2.4,6.59,
300166,东方国信,软件和信息技术服务业,12.2,-64.211,2.457,138.93,113.63,10.9955,9.4087,16.87,-0.7968,-0.7917,-0.64,32.658583,31.414845,1.24,-1.4,
002410,广联达,软件和信息技术服务业,8.4,34.049,2.365,138.76,133.4,26.183,27.9955,-6.47,2.0034,2.3718,-15.53,88.816551,87.793265,1.02,3.3,
002174,游族网络,互联网和相关服务,14.01,-36.868,2.942,137.27,137.19,6.9637,6.8805,1.21,2.5268,0.5016,403.75,34.442921,39.691849,-5.25,5.54,
688158,优刻得科技,互联网和相关服务,29.65,-185.313,5.55,136.6,121.53,9.8165,7.9107,24.09,0.0808,-0.159,150.82,28.357786,24.961288,3.4,0.33,
300302,同有科技,软件和信息技术服务业,28.25,-257.521,10.534,135.39,104.97,2.6076,1.737,50.12,2.5779,-0.1838,1502.56,49.100984,51.610252,-2.51,22.42,
300671,富满微,软件和信息技术服务业,60.15,-71.607,8.038,134.67,134.3,6.777,3.8279,77.04,0.9064,-0.3577,353.4,26.12605,10.940301,15.19,5.46,
603888,新华网,互联网和相关服务,17.58,36.032,3.409,130.48,130.48,8.3205,8.1053,2.66,1.4557,1.5406,-5.51,40.589083,40.141129,0.45,3.79,
600633,浙数文化,互联网和相关服务,10.13,22.511,1.243,128.46,128.46,17.2729,14.1399,22.16,3.0139,3.7738,-20.14,41.021721,55.666191,-14.64,2.9,
688507,索辰科技,软件和信息技术服务业,141.09,391.917,4.635,125.72,69.47,0.7274,0.5735,26.84,-0.7866,-0.457,-72.12,60.249372,41.893953,18.36,-2.82,
002268,电科网安,软件和信息技术服务业,14.74,216.129,2.282,124.65,124.57,4.6853,4.8826,-4.04,-1.71,-1.7366,1.53,36.562541,44.369865,-7.81,-3.07,
002354,天娱数科,互联网和相关服务,7.48,-253.559,7.169,123.76,121.7,10.9381,9.8751,10.76,0.4072,0.2362,72.4,31.072277,22.693933,8.38,3.12,
300459,汤姆猫,互联网和相关服务,3.49,-10.265,15.893,122.7,114.67,4.4748,4.6286,-3.32,0.5159,-0.3033,270.1,87.058341,86.589589,0.47,6.68,
600271,航天信息,软件和信息技术服务业,6.61,-16.525,0.952,122.48,122.48,21.5162,24.8769,-13.51,-3.7694,-3.0208,-24.78,18.309346,24.103868,-5.79,-2.89,
300469,信息发展,软件和信息技术服务业,48.89,-76.391,61.013,121.36,121.3,0.8793,0.9068,-3.03,-0.6656,-0.4995,-33.25,4.396586,21.771659,-17.38,-29.89,
300687,赛意信息,软件和信息技术服务业,29.45,-113.269,4.42,120.28,98.91,10.3273,9.0246,14.43,0.5602,0.1821,207.63,32.308522,31.910845,0.4,2.09,
688088,虹软科技,软件和信息技术服务业,29.49,46.078,4.318,118.31,118.31,4.3984,4.1035,7.19,0.7714,0.8854,-12.88,89.034735,88.369326,0.67,2.8,
002373,千方科技,软件和信息技术服务业,7.29,42.882,1.008,115.2,100.43,32.8279,33.0997,-0.82,-0.2086,1.6971,-112.29,36.930744,31.190073,5.74,-0.18,
300674,宇信科技,软件和信息技术服务业,16.14,25.619,2.424,113.63,113.5,12.9135,14.1516,-8.75,3.0938,2.2045,40.34,33.442096,34.793456,-1.35,6.59,
600589,大位科技,互联网和相关服务,7.66,-766.0,19.412,113.49,113.25,2.5932,2.0572,26.05,-0.6974,0.6817,-202.3,15.808906,20.456486,-4.65,-11.28,
600850,电科数字,软件和信息技术服务业,13.86,28.857,2.339,113.13,113.13,52.0572,48.5476,7.23,0.683,1.0762,-36.54,16.104987,17.190717,-1.09,1.4,
603927,中科软,软件和信息技术服务业,13.57,50.353,3.67,112.77,112.77,24.355,24.3405,0.06,0.9034,1.0704,-15.6,27.767171,28.500183,-0.73,2.79,
300468,四方精创,软件和信息技术服务业,21.22,151.571,6.845,112.6,112.47,3.528,3.0711,14.88,0.3634,0.4396,-17.33,35.971231,39.811838,-3.84,2.2,
300229,拓尔思,软件和信息技术服务业,12.87,-38.281,3.059,112.44,112.36,1.2637,2.448,-48.38,-1.6875,-0.7363,-129.19,61.425138,62.953054,-1.53,-4.49,
688508,芯朋微电子,软件和信息技术服务业,84.29,58.131,3.856,111.62,111.62,6.6511,6.3602,4.57,1.5757,0.9049,74.13,35.101019,37.33437,-2.23,5.59,
301382,蜂助手,互联网和相关服务,38.95,71.337,5.7,111.14,92.06,13.3868,9.8332,36.14,0.7753,0.7611,1.87,17.410423,17.725512,-0.32,4.05,
300113,顺网科技,互联网和相关服务,16.32,26.323,4.198,110.02,83.07,5.6559,10.1025,-44.01,1.5827,1.6152,-2.01,66.788958,38.806983,27.98,6.02,
603039,泛微网络,软件和信息技术服务业,35.68,31.298,4.095,109.77,109.77,8.4862,8.0787,5.04,1.1475,0.6569,74.68,94.240255,93.928186,0.31,4.39,
002987,京北方,软件和信息技术服务业,10.55,27.763,3.79,109.77,106.97,23.3629,23.6097,-1.05,0.9882,1.1884,-16.85,21.089767,21.425808,-0.34,3.3,
300315,掌趣科技,互联网和相关服务,3.96,-66.0,2.333,107.22,107.22,3.3383,3.5801,-6.75,0.3626,0.4779,-24.13,76.93061,73.740743,3.19,0.78,
603859,能科科技,软件和信息技术服务业,40.13,43.151,2.555,106.91,98.2,7.4015,7.38,0.29,0.9469,1.106,-14.39,53.219707,52.403909,0.82,2.58,
002544,普天科技,软件和信息技术服务业,15.69,425.203,2.875,106.78,106.77,17.6517,20.2388,-12.78,-0.2492,-0.208,-19.81,11.937929,14.138716,-2.2,-0.67,
688258,江苏卓易信息科技,软件和信息技术服务业,88.14,133.545,10.759,106.77,106.77,1.7759,1.741,2.0,1.0624,0.2713,291.6,58.330881,54.949126,3.38,11.19,
300377,赢时胜,软件和信息技术服务业,13.78,-1968.571,4.285,103.49,96.6,6.2954,5.7807,8.9,-0.7838,-0.8055,2.69,32.353841,34.565632,-2.21,-3.19,
688327,云从科技,软件和信息技术服务业,9.89,-18.315,14.228,102.85,82.57,1.0026,1.6899,-40.67,-0.7877,-2.2982,65.73,42.815024,37.73086,5.08,-10.85,
600986,浙文互联,互联网和相关服务,6.88,114.667,2.027,102.33,102.33,43.0851,37.1261,16.05,-1.3334,1.1177,-219.3,8.521438,8.254682,0.27,-2.61,
002315,焦点科技,互联网和相关服务,24.76,15.598,3.699,102.3,65.38,10.5886,9.1935,15.17,2.6024,2.9476,-11.71,79.101668,80.054851,-0.95,9.56,
300378,鼎捷数智,软件和信息技术服务业,37.66,61.738,4.129,102.27,101.5,11.0105,10.4493,5.37,1.8843,0.4503,318.45,55.479476,58.318539,-2.84,7.68,
300846,首都在线,软件和信息技术服务业,19.79,-58.395,13.074,100.06,82.49,6.6517,6.2906,5.74,-0.3219,-0.7096,54.64,17.623507,13.144322,4.48,-4.17,
002063,远光软件,软件和信息技术服务业,5.22,33.164,2.503,99.99,92.35,10.6057,10.5489,0.54,0.7566,0.7543,0.3,49.020358,52.524598,-3.5,1.89,
920116,星图测控,软件和信息技术服务业,44.08,69.968,16.571,98.6,98.6,0.9076,0.9918,-8.49,0.2754,0.3226,-14.63,52.739095,54.571684,-1.83,4.61,
688262,苏州国芯科技,软件和信息技术服务业,29.24,-37.974,5.121,98.25,98.25,3.1328,1.7058,83.66,-0.8186,-0.8641,5.27,29.192611,36.821781,-7.63,-4.24,
603533,掌阅科技,互联网和相关服务,22.37,-55.925,4.313,98.18,98.18,17.8379,15.2607,16.89,-0.5014,-1.6014,68.69,65.634923,70.905025,-5.27,-2.18,
600446,金证股份,软件和信息技术服务业,10.37,-58.193,2.721,97.61,97.61,11.3011,12.0776,-6.43,0.126,-0.3883,132.45,41.740091,37.458807,4.28,0.35,
603220,中贝通信,软件和信息技术服务业,18.18,97.012,2.562,97.51,97.51,13.5757,15.844,-14.32,0.1065,0.5064,-78.97,16.677746,18.045146,-1.37,0.36,
000555,神州信息,软件和信息技术服务业,9.99,170.187,1.781,97.48,97.39,41.255,44.232,-6.73,-2.8292,-0.9638,-193.55,13.965836,13.225997,0.74,-5.06,
300768,迪普科技,软件和信息技术服务业,15.06,51.931,2.744,96.96,63.35,5.3678,5.5064,-2.52,0.7241,0.5215,38.85,62.335187,62.364813,-0.03,2.06,
600640,国脉文化,互联网和相关服务,12.16,450.37,2.449,96.25,96.25,8.7765,8.7551,0.24,0.1577,0.1392,13.29,18.198493,16.268066,1.93,0.3957,
300634,彩讯股份,软件和信息技术服务业,21.2,32.615,3.154,95.66,92.07,6.9575,9.195,-24.33,0.6873,1.3538,-49.23,38.475648,33.571838,4.9,2.25,
600718,东软集团,软件和信息技术服务业,7.9,-25.484,1.086,94.52,94.52,43.9566,46.8937,-6.26,-2.8886,0.565,-611.26,25.324234,26.529243,-1.21,-3.27,
300682,朗新科技,软件和信息技术服务业,8.74,87.4,1.479,94.24,90.37,14.824,15.4245,-3.89,-1.8049,0.2864,-730.2,43.833823,46.054295,-2.22,-2.7,
300624,万兴科技,软件和信息技术服务业,48.74,-103.702,9.796,94.23,83.46,7.0609,7.6,-7.09,-0.6898,-0.5281,-30.62,86.62505,92.417568,-5.79,-6.95,
688325,赛微微电子,软件和信息技术服务业,108.83,93.312,5.572,94.1,89.44,2.4457,2.184,11.98,0.3117,0.3934,-20.77,52.347219,53.611197,-1.26,1.79,
600728,佳都科技,软件和信息技术服务业,4.39,53.471,1.185,93.62,93.62,53.5358,49.1941,8.83,0.3075,1.3529,-77.27,6.96203,8.24949,-1.29,0.39,
301248,杰创智能,软件和信息技术服务业,58.91,654.556,5.946,90.55,66.17,3.4324,3.157,8.72,-0.0326,0.1873,-117.41,39.260431,33.974825,5.29,-0.21,
300188,国投智能,软件和信息技术服务业,10.51,-11.549,3.803,90.33,89.91,4.8573,5.5759,-12.89,-2.5483,-2.0817,-22.41,35.330926,36.288608,-0.96,-10.18,
003010,若羽臣,互联网和相关服务,28.45,45.159,11.13,88.5,64.34,22.856,13.1897,73.29,1.6745,0.7226,131.73,65.470477,56.916573,8.55,20.85,
300031,宝通科技,互联网和相关服务,21.1,42.583,2.148,88.36,75.66,19.6552,16.0711,22.3,1.92,1.3974,37.4,41.241847,38.945461,2.3,4.74,
300895,铜牛信息,软件和信息技术服务业,62.69,-112.914,12.157,88.27,42.77,1.0827,1.047,3.41,-0.3677,-0.3582,-2.65,-6.154852,-3.484208,-2.67,-4.94,
688083,中望软件,软件和信息技术服务业,51.96,433.0,3.381,88.15,88.15,3.6004,3.336,7.93,-0.1725,-0.5241,67.09,95.990533,95.132653,0.86,-0.65,
688252,天德钰科技,软件和信息技术服务业,21.32,37.404,3.477,87.2,87.2,12.0548,12.0815,-0.22,1.3802,1.5237,-9.42,24.502724,24.406977,0.1,5.56,
688227,品高股份,软件和信息技术服务业,77.0,-167.391,6.879,87.05,87.05,1.8168,1.6511,10.04,0.0442,-0.1581,127.96,35.147873,28.900861,6.25,0.35,
600654,中安科,软件和信息技术服务业,3.02,160.638,4.569,85.93,69.99,11.591,15.539,-25.41,0.4843,0.0252,1821.83,18.143603,15.380582,2.76,2.68,
000676,智度股份,互联网和相关服务,6.8,60.177,1.988,85.67,85.61,21.7254,21.6569,0.32,1.4333,0.8247,73.8,16.14572,15.452841,0.69,3.33,
300766,每日互动,互联网和相关服务,21.65,-240.556,5.437,85.46,77.49,2.7177,2.1848,24.39,-0.1083,-0.3189,66.04,60.755934,60.443332,0.31,-0.69,
600556,天下秀,互联网和相关服务,4.54,227.0,2.197,82.07,82.07,22.5192,18.4392,22.13,-0.6845,0.3638,-288.15,11.986682,19.13514,-7.15,-1.81,
002212,天融信,软件和信息技术服务业,6.93,107.776,0.881,81.74,80.86,5.4539,8.2625,-33.99,-2.7288,-0.6469,-321.83,59.346881,67.406336,-8.06,-2.88,
301592,六九一二,软件和信息技术服务业,115.97,152.472,8.745,81.18,27.09,0.9674,0.7888,22.64,-0.1882,-0.2533,25.7,39.78084,42.881539,-3.1,-2.0,
002368,太极股份,软件和信息技术服务业,12.98,-10.603,2.175,80.9,80.68,16.8886,36.0736,-53.18,-3.5301,0.0126,-28116.67,27.300779,23.315777,3.99,-9.03,
301179,泽宇智能,软件和信息技术服务业,19.98,54.0,3.238,80.8,47.45,4.5822,4.0375,13.49,0.5899,0.3509,68.11,26.774533,27.204112,-0.43,2.32,
002093,国脉科技,软件和信息技术服务业,7.77,43.725,2.083,78.28,78.28,2.4604,2.4996,-1.57,-0.4149,1.5138,-127.41,47.365379,52.251793,-4.89,-1.08,
002970,锐明技术,软件和信息技术服务业,42.35,19.698,3.546,78.15,55.71,12.3752,11.5563,7.09,1.1101,2.0307,-45.33,42.095436,47.919831,-5.82,5.25,
301339,通行宝,软件和信息技术服务业,13.45,35.311,2.773,78.04,77.1,4.1018,3.8939,5.34,1.0355,1.0697,-3.2,53.452894,49.308418,4.14,3.69,
688691,灿芯半导体股份,软件和信息技术服务业,64.35,-69.999,6.567,77.22,46.95,3.7843,2.818,34.29,-0.6106,-0.6088,-0.3,15.683206,18.48697,-2.8,-5.06,
300440,运达科技,软件和信息技术服务业,17.13,85.65,4.54,75.7,75.36,1.7468,2.887,-39.49,-0.0916,0.1647,-155.62,36.736108,40.979043,-4.24,-0.55,
688699,明微电子,软件和信息技术服务业,68.65,-156.023,5.891,75.56,75.56,4.8376,2.8581,69.26,0.8498,-0.3536,340.33,32.967976,24.85129,8.12,6.89,
300348,长亮科技,软件和信息技术服务业,9.24,363.78,3.557,75.06,67.49,8.3675,6.645,25.92,-0.4465,-0.1911,-133.65,26.957811,31.947095,-4.99,-2.09,
688479,用友汽车信息科技,软件和信息技术服务业,37.22,124.067,4.056,74.93,32.2,2.0333,2.1752,-6.52,0.1166,0.1621,-28.07,31.625351,33.181252,-1.56,0.62,
603123,翠微股份,软件和信息技术服务业,9.37,-14.641,4.714,74.84,61.12,9.6638,11.1955,-13.68,-0.7204,-2.0265,64.45,24.003585,20.964332,3.04,-4.44,
300872,天阳科技,软件和信息技术服务业,15.15,-52.241,2.068,73.95,63.94,9.6388,9.9666,-3.29,0.6002,0.5104,17.59,24.674814,24.939067,-0.26,1.63,
300098,高新兴,软件和信息技术服务业,4.24,-212.0,2.77,73.68,65.37,9.6623,8.9663,7.76,0.3283,0.2629,24.88,34.54085,37.250512,-2.71,1.24,
300959,线上线下,软件和信息技术服务业,91.04,-650.286,6.633,73.17,54.02,1.922,3.337,-42.4,-0.0419,0.1072,-139.09,8.695834,14.120013,-5.42,-0.38,
301085,亚康股份,软件和信息技术服务业,83.99,-50.903,7.477,72.88,50.16,8.253,6.0276,36.92,0.4962,0.1796,176.28,16.937205,17.568586,-0.63,5.2,
688191,智洋创新科技,软件和信息技术服务业,22.05,81.667,8.643,72.32,72.32,4.0906,4.6257,-11.57,-0.4592,0.1908,-340.67,22.635202,32.084427,-9.45,-5.41,
300300,海峡创新,软件和信息技术服务业,10.81,51.476,29.02,72.09,72.08,0.7825,0.7272,7.6,-0.3136,0.0537,-683.99,-0.658717,0.65393,-1.31,-12.08,
300369,绿盟科技,软件和信息技术服务业,8.85,-156.915,2.823,71.74,71.51,8.1258,8.0053,1.51,-1.2902,-1.715,24.77,54.761003,59.333336,-4.57,-5.02,
300520,科大国创,软件和信息技术服务业,23.87,-37.889,4.241,69.71,67.37,4.1925,4.98,-15.81,-1.0762,-0.6398,-68.21,22.122585,37.334588,-15.21,-6.32,
300785,值得买,互联网和相关服务,34.78,79.045,3.576,69.16,45.25,6.1938,5.8198,6.43,0.0902,0.1269,-28.92,43.621495,49.199259,-5.58,0.46,
002605,姚记科技,互联网和相关服务,16.43,14.643,1.825,68.64,55.61,13.2217,14.3824,-8.07,2.1613,2.5582,-15.51,40.90471,44.650853,-3.75,5.5,
301162,国能日新,软件和信息技术服务业,36.73,35.317,4.234,68.58,44.52,3.5167,3.2069,9.66,0.7012,0.4597,52.53,63.699291,61.372461,2.33,4.36,
688365,光云科技,软件和信息技术服务业,16.07,-267.833,7.106,68.5,68.5,3.0213,2.6242,15.13,0.1164,-0.1211,196.12,73.069012,70.020138,3.05,1.22,
300168,万达信息,软件和信息技术服务业,4.69,-11.725,7.361,67.57,67.51,10.2576,9.33,9.94,-1.4997,-2.9905,49.85,21.252997,15.595869,5.66,-15.1,
300493,润欣科技,软件和信息技术服务业,13.14,119.455,5.638,67.35,67.29,13.8251,13.5816,1.79,0.4623,0.2993,54.46,9.584197,9.915171,-0.33,3.93,
920493,并行科技,软件和信息技术服务业,110.68,527.048,12.243,67.05,49.4,9.4627,4.5767,106.76,0.4193,0.0508,725.39,19.161123,23.262377,-4.1,8.7,
600797,浙大网新,软件和信息技术服务业,6.51,-130.2,2.074,66.89,66.89,14.7215,15.6462,-5.91,-0.5948,-0.1507,-294.69,18.084085,17.605716,0.48,-1.79,
300598,诚迈科技,软件和信息技术服务业,30.77,-64.426,4.654,66.77,66.75,10.7774,10.1866,5.8,-0.2193,-0.5672,61.34,12.383017,12.721743,-0.34,-1.53,
300467,迅游科技,互联网和相关服务,32.68,251.385,10.187,66.41,54.61,1.4621,1.4347,1.91,0.0988,0.1171,-15.63,61.230243,57.78999,3.44,1.52,
300324,旋极信息,软件和信息技术服务业,3.84,-14.076,2.806,66.34,65.66,6.1032,10.5097,-41.93,-1.4082,-1.3799,-2.05,21.836085,13.045824,8.79,-5.78,
002467,二六三,互联网和相关服务,4.82,-22.952,4.287,66.29,65.95,4.4223,3.8466,14.97,-0.1925,0.3582,-153.74,35.215284,44.329843,-9.11,-1.23,
300226,上海钢联,互联网和相关服务,17.33,25.866,2.885,66.28,63.72,385.2076,321.356,19.87,1.2465,1.1846,5.23,1.377918,1.42448,-0.05,5.54,
000503,国新健康,互联网和相关服务,6.76,-16.384,5.923,66.2,66.2,1.0154,0.9553,6.29,-1.0227,-0.9909,-3.21,-14.570032,-15.196702,0.63,-10.69,
002421,达实智能,软件和信息技术服务业,3.11,-10.097,2.43,65.95,63.33,10.9166,9.9023,10.24,-0.182,-0.8876,79.5,25.615183,24.778775,0.84,-0.67,
920799,艾融软件,软件和信息技术服务业,31.4,101.29,16.791,65.67,37.7,2.4521,2.0153,21.67,0.0749,0.3785,-80.21,27.658101,32.306,-4.65,1.93,
002380,科远智慧,软件和信息技术服务业,27.02,46.586,2.624,64.85,38.42,10.83,9.8045,10.46,1.6207,1.3581,19.34,41.129351,39.147164,1.98,6.69,
002298,中电鑫龙,软件和信息技术服务业,8.56,-15.018,3.391,63.35,56.95,8.082,9.6105,-15.9,0.4366,0.1856,135.24,26.764953,23.528171,3.24,2.37,
300075,数字政通,软件和信息技术服务业,10.14,-16.623,1.992,62.98,53.2,3.25,3.2139,1.12,-0.0573,-0.1869,69.34,38.298421,34.368742,3.93,-0.18,
300579,数字认证,软件和信息技术服务业,23.23,-66.504,8.326,62.72,61.05,3.4011,3.254,4.52,-0.4867,-0.9035,46.13,50.377959,41.304633,9.07,-6.26,
300678,中科信息,软件和信息技术服务业,21.14,437.681,7.425,62.66,61.88,2.3371,1.4155,65.11,0.0562,0.0377,49.07,16.189006,29.461739,-13.27,0.66,
002123,梦网科技,软件和信息技术服务业,7.74,-28.667,4.246,62.34,55.77,11.2278,15.39,-27.04,-0.9741,0.0924,-1154.22,11.241108,12.575477,-1.33,-6.42,
688631,莱斯信息,软件和信息技术服务业,37.52,110.353,3.314,61.33,61.33,3.3081,4.5664,-27.56,-0.3813,-0.3127,-21.94,40.066416,26.649125,13.42,-2.01,
300249,依米康,软件和信息技术服务业,13.31,190.961,9.402,61.02,49.79,9.1885,7.3677,24.71,0.2099,0.1492,40.68,16.087146,16.4637,-0.38,5.62,
301153,中科江南,软件和信息技术服务业,17.04,58.759,3.345,60.61,56.53,2.6731,2.4026,11.26,-0.1497,-0.4845,69.1,50.158896,53.687821,-3.53,-0.81,
002232,启明信息,软件和信息技术服务业,14.8,185.696,4.26,60.47,60.47,3.5553,3.2993,7.76,0.1541,0.1419,8.6,24.630737,26.973324,-2.34,1.09,
300292,吴通控股,软件和信息技术服务业,4.5,50.0,4.017,60.38,50.31,21.0183,22.5063,-6.61,0.7531,0.6093,23.6,11.853317,10.041862,1.81,5.14,
000409,云鼎科技,软件和信息技术服务业,8.84,71.233,3.6,59.91,52.2,5.3146,6.3947,-16.89,0.3714,0.4189,-11.34,30.348373,30.829049,-0.48,2.24,
300925,法本信息,软件和信息技术服务业,13.84,55.36,2.638,59.33,48.37,28.8358,23.1471,24.58,0.4082,0.578,-29.38,16.602934,17.760056,-1.16,1.82,
688225,亚信安全,软件和信息技术服务业,14.73,-12.772,4.042,58.92,58.92,27.3664,31.2388,-12.4,-2.5532,-3.5615,28.31,30.190691,36.026087,-5.84,-15.94,
002264,新华都,互联网和相关服务,8.13,33.875,2.79,58.52,52.92,21.6183,18.5844,16.32,1.4166,1.4716,-3.74,19.427056,22.51219,-3.09,6.84,
603990,麦迪科技,软件和信息技术服务业,19.12,147.077,6.935,58.36,58.36,1.2316,1.352,-8.91,0.0663,0.2833,-76.6,60.13845,63.688687,-3.55,0.79,
300525,博思软件,软件和信息技术服务业,7.73,33.741,2.395,58.1,47.57,6.5126,7.0604,-7.76,-0.4792,-0.4165,-15.05,65.335983,65.552147,-0.22,-1.92,
300047,天源迪科,软件和信息技术服务业,9.08,188.773,1.748,57.91,52.72,46.7474,41.4776,12.71,0.329,0.3488,-5.68,7.032118,8.57436,-1.54,1.0,
300792,壹网壹创,互联网和相关服务,24.33,54.067,1.945,57.82,52.11,4.304,5.3296,-19.24,0.6629,0.7071,-6.25,33.445841,29.799854,3.65,2.23,
688562,航天软件股份,软件和信息技术服务业,14.43,-481.0,3.549,57.72,57.72,2.7314,3.2311,-15.47,-0.9951,-0.618,-61.02,21.745178,23.077422,-1.33,-5.94,
301218,华是科技,软件和信息技术服务业,50.24,-215.808,6.317,57.29,36.02,2.1069,1.9359,8.83,-0.146,-0.1154,-26.52,16.076913,14.194512,1.88,-1.62,
688228,开普云信息科技,软件和信息技术服务业,84.44,-496.706,4.706,57.04,57.04,1.1707,1.5977,-26.73,-0.1895,0.0378,-601.32,35.506947,40.945132,-5.44,-1.51,
688109,品茗科技,软件和信息技术服务业,72.29,122.525,7.389,57.0,57.0,1.5865,1.8749,-15.38,0.0182,0.3123,-94.17,71.310264,75.490769,-4.18,0.23,
002279,久其软件,软件和信息技术服务业,6.57,125.143,3.85,56.65,52.3,6.0918,8.5575,-28.81,-0.2491,-0.7539,66.96,57.576827,39.432515,18.14,-1.69,
688232,国泰新点软件,软件和信息技术服务业,17.45,158.636,1.073,56.19,56.19,5.7224,6.699,-14.58,-0.6316,-0.6218,-1.58,58.946781,59.770595,-0.82,-1.18,
688173,希荻微电子,软件和信息技术服务业,13.46,-48.071,3.728,55.9,55.38,5.2874,4.6645,13.35,-0.3038,-0.4469,32.02,28.768438,29.400279,-0.63,-2.09,
603383,顶点软件,软件和信息技术服务业,26.83,30.839,3.799,55.1,55.1,2.4791,2.4553,0.97,0.7207,0.5288,36.29,71.011058,70.030207,0.98,4.69,
002530,金财互联,互联网和相关服务,7.03,87.875,4.042,54.78,49.68,6.0759,4.6759,29.94,0.4347,0.3281,32.49,31.993808,33.071071,-1.08,3.23,
688787,海天瑞声,软件和信息技术服务业,89.9,374.583,7.421,54.23,54.23,1.9188,1.567,22.45,0.0977,0.038,157.11,49.098403,50.172691,-1.07,1.31,
300043,星辉娱乐,互联网和相关服务,4.35,18.125,3.131,54.12,54.09,5.1719,11.3503,-54.43,0.9247,1.5505,-40.36,61.089344,59.221766,1.87,5.21,
002649,博彦科技,软件和信息技术服务业,9.14,50.778,1.309,54.06,53.48,31.0783,33.4656,-7.13,0.7035,1.2327,-42.93,22.474841,21.92547,0.55,1.68,
300451,创业慧康,软件和信息技术服务业,3.45,-13.269,1.4,53.44,52.82,4.5469,5.7668,-21.15,-1.9715,-0.8055,-144.75,34.701699,51.447941,-16.75,-5.04,
688095,福昕软件开发,软件和信息技术服务业,57.44,171.054,2.011,52.48,52.48,4.7097,4.2261,11.44,0.1396,-0.0488,386.07,91.584005,91.998484,-0.41,0.53,
603887,城地香江,软件和信息技术服务业,8.65,-77.648,1.48,52.08,52.08,14.7312,12.8559,14.59,-0.0645,0.3736,-117.26,16.582,17.199235,-0.62,-0.18,
301556,托普云农,软件和信息技术服务业,60.9,48.72,5.154,51.94,17.95,2.3628,2.4979,-5.41,0.4334,0.5214,-16.88,48.999831,47.757053,1.24,4.31,
300183,东软载波,软件和信息技术服务业,11.12,492.035,1.668,51.44,41.26,4.1484,5.0421,-17.72,-0.2901,0.1352,-314.57,27.194966,29.712197,-2.52,-0.94,
300523,辰安科技,软件和信息技术服务业,22.01,-23.168,5.507,51.2,51.2,5.7696,5.5774,3.45,-0.5894,-0.7362,19.94,33.028362,38.898554,-5.87,-6.14,
000948,南天信息,软件和信息技术服务业,13.11,140.364,1.869,51.11,51.01,42.0579,45.7993,-8.17,0.1312,-0.05,362.4,9.768852,9.435946,0.33,0.48,
002777,久远银海,软件和信息技术服务业,12.52,65.895,3.053,51.11,50.64,4.3692,4.3935,-0.55,0.2682,0.2995,-10.45,42.301646,43.98396,-1.68,1.59,
300287,飞利信,软件和信息技术服务业,3.56,-32.364,5.321,51.1,47.09,1.2715,2.104,-39.57,-0.5881,-0.6758,12.98,15.960311,13.540299,2.42,-5.94,
688207,格灵深瞳,软件和信息技术服务业,19.72,-27.014,2.069,51.07,51.07,0.5042,0.4247,18.72,-0.9501,-0.7985,-18.99,32.674292,56.440238,-23.77,-4.39,
300518,新迅达,软件和信息技术服务业,25.57,-48.245,8.247,50.99,50.98,0.8025,0.8665,-7.39,-0.5697,-0.1357,-319.82,26.27526,16.589443,9.69,-8.81,
300559,佳发教育,软件和信息技术服务业,12.72,159.0,4.331,50.82,39.58,1.4937,2.7341,-45.37,0.2289,0.4078,-43.87,49.509804,48.056156,1.45,1.92,
002657,中科金财,软件和信息技术服务业,14.89,-46.228,3.167,50.52,50.05,3.0923,2.6721,15.73,-1.4323,-0.8495,-68.61,14.911871,21.227766,-6.32,-8.61,
002609,捷顺科技,软件和信息技术服务业,7.81,78.492,2.108,50.25,35.89,8.1735,7.4365,9.91,0.4283,0.4148,3.25,37.938557,39.098447,-1.16,1.77,
301213,观想科技,软件和信息技术服务业,44.5,267.428,6.329,49.84,32.22,0.492,0.4105,19.85,-0.0172,0.0143,-220.28,66.022959,55.01236,11.01,-0.22,
300036,超图软件,软件和信息技术服务业,10.06,105.783,1.994,49.57,44.77,4.2717,6.0315,-29.18,-1.2855,0.1197,-1173.93,43.292363,58.937304,-15.64,-4.92,
300465,高伟达,软件和信息技术服务业,11.13,172.025,7.13,49.39,49.39,4.7045,5.2021,-9.57,0.0919,0.1383,-33.55,21.020071,20.522727,0.5,1.34,
300996,普联软件,软件和信息技术服务业,12.44,47.3,3.834,49.24,41.44,1.6035,2.1015,-23.7,-0.0444,0.0121,-466.94,30.569456,35.051743,-4.48,-0.34,
688023,安恒信息,软件和信息技术服务业,47.9,-84.035,2.276,48.94,48.94,7.3912,7.3284,0.86,-1.7621,-1.9412,9.23,56.604349,55.793062,0.81,-7.16,
003007,直真科技,软件和信息技术服务业,40.76,239.765,3.214,48.74,29.59,2.6516,1.0604,150.06,-0.2554,-0.4304,40.66,36.747721,55.962005,-19.21,-2.32,
688168,北京安博通,软件和信息技术服务业,44.78,-22.39,5.012,48.39,48.39,1.3088,4.2854,-69.46,-0.2278,-1.0884,79.07,66.978908,88.050163,-21.07,-2.33,
300561,汇金科技,软件和信息技术服务业,14.73,-316.094,8.259,48.33,35.51,0.4125,0.4825,-14.51,-0.0479,0.0366,-230.87,40.38447,46.610339,-6.23,-0.82,
600756,浪潮软件,软件和信息技术服务业,13.68,-16.889,2.195,47.83,44.34,4.4542,4.2932,3.75,-1.424,-1.4787,3.7,40.738067,36.210263,4.53,-6.33,
600571,信雅达,软件和信息技术服务业,10.21,72.929,4.105,47.61,46.74,8.7792,8.6076,1.99,-0.7757,-0.5263,-47.39,9.862949,14.792519,-4.93,-6.47,
003004,声迅股份,软件和信息技术服务业,58.06,-408.873,7.667,47.53,39.91,0.9897,0.7275,36.04,-0.1462,-0.1024,-42.77,30.294254,29.170608,1.12,-2.1,
301110,青木科技,互联网和相关服务,36.5,27.45,3.047,47.29,33.23,7.2886,6.6808,9.1,0.8673,0.5166,67.89,57.587328,57.026107,0.56,5.61,
300532,今天国际,软件和信息技术服务业,7.41,14.25,2.568,47.1,44.8,16.4626,14.1235,16.56,1.3239,1.8786,-29.53,19.613636,24.612116,-5.0,7.24,
600880,博瑞传播,软件和信息技术服务业,4.26,-426.0,1.583,46.58,46.56,2.6232,2.2201,18.16,-0.5575,0.0612,-1010.95,23.729674,33.538111,-9.81,-1.84,
300271,华宇软件,软件和信息技术服务业,5.69,-23.708,1.308,46.19,45.76,6.379,5.9247,7.67,-0.5685,-0.827,31.26,33.013718,34.562895,-1.55,-1.6,
603636,南威软件,软件和信息技术服务业,7.94,-10.312,2.664,46.08,46.08,2.1459,3.1375,-31.6,-1.7014,-0.7205,-136.14,33.1585,24.195954,8.96,-9.37,
603322,超讯科技,软件和信息技术服务业,29.12,-126.609,14.621,45.89,45.89,5.6498,16.1073,-64.92,0.5173,0.7209,-28.24,29.385367,8.472604,20.91,20.92,
300380,安硕信息,软件和信息技术服务业,28.08,127.636,11.315,45.8,35.69,3.9526,3.8023,3.95,0.1511,0.1188,27.19,28.431159,28.567624,-0.14,3.7,
300533,冰川网络,软件和信息技术服务业,13.92,6.757,3.582,45.69,32.15,11.9018,12.5669,-5.29,-0.2268,3.3579,-106.75,92.521982,92.816342,-0.29,-1.53,
002642,荣联科技,软件和信息技术服务业,6.81,224.752,3.78,45.05,45.05,6.9095,6.7205,2.81,0.0533,0.0828,-35.63,12.475363,14.36306,-1.89,0.45,
002235,安妮股份,互联网和相关服务,7.77,-259.0,6.149,45.03,43.01,1.8472,1.7114,7.94,0.0143,0.0196,-27.04,13.714404,19.496482,-5.78,0.2,
300386,飞天诚信,软件和信息技术服务业,10.73,1073.0,3.202,44.86,27.6,2.6535,3.6275,-26.85,-0.6067,0.0606,-1101.16,38.686034,40.023564,-1.34,-4.22,
002401,中远海科,软件和信息技术服务业,12.06,137.671,2.701,44.82,44.79,7.2546,7.8875,-8.02,0.1613,0.0983,64.09,17.182263,13.687833,3.49,0.97,
600228,返利科技,互联网和相关服务,10.6,-70.013,12.006,44.17,44.1,3.369,1.8607,81.06,-0.2833,-0.3328,14.87,42.319537,39.257136,3.06,-7.43,
002322,理工能科,软件和信息技术服务业,11.99,19.656,1.553,43.83,42.13,4.2113,4.08,3.22,1.2045,1.0991,9.59,74.288257,68.861637,5.43,4.24,
688291,金橙子科技,软件和信息技术服务业,42.3,114.324,4.238,43.43,43.43,1.3339,1.3268,0.54,0.6397,0.277,130.94,60.849976,59.312111,1.54,6.45,
603138,海量数据,软件和信息技术服务业,14.73,-86.647,5.673,43.25,42.47,1.9207,2.3244,-17.37,-0.9484,-0.4471,-112.12,37.000584,37.329122,-0.33,-11.84,
300349,金卡智能,软件和信息技术服务业,10.33,16.141,0.963,43.1,38.19,14.0409,15.3866,-8.75,0.8195,1.3528,-39.42,35.710594,35.896266,-0.19,1.81,
300508,维宏股份,软件和信息技术服务业,39.05,48.156,4.951,42.84,32.33,2.8636,2.602,10.05,0.0602,0.2925,-79.42,48.60786,54.301287,-5.69,0.7,
688045,必易微电子,软件和信息技术服务业,60.58,356.353,2.931,42.76,42.76,4.5198,2.8258,59.95,0.376,-0.0881,526.79,33.175834,29.578945,3.6,2.63,
603206,嘉环科技,软件和信息技术服务业,13.83,81.353,1.852,42.21,42.21,17.9348,19.1956,-6.57,0.3128,0.4519,-30.78,13.874091,14.180054,-0.31,1.37,
300588,熙菱信息,软件和信息技术服务业,21.76,-107.192,17.337,41.66,38.48,0.6429,0.7457,-13.79,-0.3592,-0.3034,-18.39,39.748451,40.233149,-0.48,-13.87,
603421,鼎信通讯,软件和信息技术服务业,6.38,-6.51,1.807,41.61,41.61,4.5197,7.0413,-35.81,-1.9824,-2.1917,9.55,24.28866,28.075751,-3.79,-8.26,
300921,南凌科技,互联网和相关服务,16.12,134.333,5.019,41.39,26.1,2.8503,2.7035,5.43,0.2393,0.1022,134.15,35.169212,32.386112,2.78,2.89,
301172,君逸数码,软件和信息技术服务业,18.29,90.634,2.762,41.12,30.41,2.8232,2.3306,21.14,0.161,0.2227,-27.71,25.175329,25.888296,-0.71,1.08,
002912,中新赛克,软件和信息技术服务业,24.06,58.683,2.705,41.08,39.03,2.3486,2.2593,3.95,-1.2917,-0.6715,-92.36,56.991403,70.017391,-13.03,-7.87,
300571,平治信息,互联网和相关服务,29.1,-20.208,3.329,40.6,33.65,5.7561,5.7988,-0.74,-0.095,0.131,-172.52,10.458448,13.225867,-2.77,-0.78,
300541,先进数通,软件和信息技术服务业,9.42,33.643,2.402,40.51,36.55,13.0175,13.7979,-5.66,-0.1488,0.626,-123.77,11.397498,14.940896,-3.54,-0.86,
002095,生意宝,互联网和相关服务,16.03,-320.6,4.68,40.51,40.35,3.9274,3.0938,26.94,0.0305,-0.0704,143.32,7.815939,9.778215,-1.96,0.35,
300050,世纪鼎利,软件和信息技术服务业,7.43,247.667,9.757,40.48,40.46,1.3596,1.2816,6.09,0.0599,0.0865,-30.75,29.6925,29.881253,-0.19,1.45,
002197,证通电子,软件和信息技术服务业,6.5,-10.484,2.239,39.93,34.71,5.1759,4.3724,18.38,0.0572,-0.3561,116.06,30.32033,26.392689,3.93,0.32,
002474,榕基软件,软件和信息技术服务业,6.36,-57.766,3.042,39.57,34.17,1.822,2.2594,-19.36,-0.2387,-0.2639,9.55,24.609475,26.297245,-1.69,-1.81,
300560,中富通,软件和信息技术服务业,17.19,-51.824,4.396,39.49,32.14,5.8821,5.8754,0.11,0.1495,0.0998,49.8,22.326282,22.006018,0.32,1.68,
300311,任子行,软件和信息技术服务业,5.82,170.175,6.18,39.21,31.28,1.2923,1.1104,16.38,-0.4801,-0.6929,30.71,63.334686,53.659467,9.68,-7.32,
300248,新开普,软件和信息技术服务业,8.2,50.0,1.853,39.06,33.4,3.2149,3.1444,2.24,-0.5866,-0.3117,-88.19,50.088628,54.095704,-4.01,-2.7,
300333,兆日科技,软件和信息技术服务业,11.6,-214.815,6.339,38.98,38.83,0.7514,0.796,-5.6,0.4653,-0.0084,5639.29,56.316448,52.781436,3.54,7.87,
300494,盛天网络,互联网和相关服务,7.94,172.234,2.94,38.95,31.63,5.6381,6.3254,-10.87,-1.1853,0.523,-326.63,14.3786,21.435468,-7.06,-8.62,
301315,威士顿,软件和信息技术服务业,44.19,134.562,3.853,38.89,35.71,0.9754,0.917,6.37,0.1121,0.1613,-30.5,46.15757,34.278492,11.88,1.09,
688682,霍莱沃技术,软件和信息技术服务业,37.94,-164.957,6.489,38.64,38.64,1.1839,1.0215,15.9,0.0438,0.0034,1188.24,26.187367,29.891357,-3.7,0.71,
002362,汉王科技,软件和信息技术服务业,15.75,-19.648,4.454,38.5,32.71,8.3298,8.1322,2.43,-0.8619,-0.5673,-51.93,41.112175,43.562247,-2.45,-9.51,
688590,新致软件,软件和信息技术服务业,12.19,-25.396,2.15,38.14,34.32,10.1247,8.9709,12.86,-0.1037,0.3035,-134.17,20.577833,28.680668,-8.1,-0.74,
300399,天利科技,软件和信息技术服务业,19.3,-965.0,7.524,38.14,38.13,2.7697,2.3098,19.91,0.129,0.0802,60.85,15.328975,2.982349,12.35,2.49,
603918,金桥信息,软件和信息技术服务业,10.41,-65.063,3.918,38.01,38.01,2.7282,2.7323,-0.15,-0.3914,-0.4071,3.86,24.049847,26.05605,-2.01,-3.96,
300448,浩云科技,软件和信息技术服务业,5.58,-107.93,3.157,37.75,35.66,0.8676,1.3024,-33.38,-0.0838,-0.1552,46.01,30.760009,34.009879,-3.25,-0.69,
300603,立昂技术,软件和信息技术服务业,8.05,-21.757,3.01,37.42,30.1,3.5881,3.757,-4.5,-0.4892,-0.597,18.06,8.743646,6.750267,1.99,-3.86,
300299,富春股份,软件和信息技术服务业,5.42,-48.697,9.433,37.41,37.37,2.1606,1.8153,19.02,0.3336,-0.0971,443.56,53.005579,48.097711,4.91,8.78,
688259,创耀通信科技,软件和信息技术服务业,33.34,46.958,2.365,37.24,37.24,1.6668,1.8321,-9.02,0.1175,0.319,-63.17,27.999319,31.276354,-3.28,0.76,
603232,格尔软件,软件和信息技术服务业,15.93,-44.25,2.921,37.04,36.85,1.2736,1.1569,10.09,-0.6111,-0.7269,15.93,44.807964,51.490123,-6.68,-4.71,
300550,和仁科技,软件和信息技术服务业,14.06,78.111,3.319,36.92,36.88,1.577,1.5888,-0.74,-0.316,-0.0352,-797.73,29.094084,43.405862,-14.31,-2.78,
300542,新晨科技,软件和信息技术服务业,12.25,-306.25,6.759,36.57,30.86,4.6784,4.6023,1.65,-0.0959,-0.1299,26.17,15.465983,17.773669,-2.31,-1.76,
300231,银信科技,软件和信息技术服务业,8.22,60.0,2.303,36.56,36.56,7.0298,8.3825,-16.14,0.1709,0.4891,-65.06,17.940029,20.573016,-2.63,1.03,
688039,当虹科技,软件和信息技术服务业,32.83,-39.554,3.527,36.31,36.31,1.3633,1.3297,2.53,-0.3206,-0.0615,-421.3,42.07149,42.207846,-0.14,-3.08,
605398,新炬网络,软件和信息技术服务业,22.3,223.0,3.541,36.29,36.29,2.3631,2.4376,-3.06,-0.064,0.073,-187.67,37.142654,39.003737,-1.86,-0.62,
301208,中亦科技,软件和信息技术服务业,30.23,67.178,2.317,36.28,20.38,6.6016,3.7787,74.71,0.2302,0.2208,4.26,18.745489,29.334729,-10.59,1.47,
300830,金现代,软件和信息技术服务业,7.99,-44.389,2.777,36.09,26.92,0.9006,0.9505,-5.25,-0.2345,-0.2243,-4.55,33.046747,39.432886,-6.39,-1.79,
301633,港迪技术,软件和信息技术服务业,64.69,49.762,4.026,36.02,16.51,1.6414,2.1009,-21.87,-0.2418,0.1842,-231.27,28.138206,43.153953,-15.02,-2.61,
688152,麒麟信安,软件和信息技术服务业,35.23,-61.807,2.947,35.9,35.9,0.9659,0.9406,2.69,-0.0243,-0.1038,76.59,77.513568,81.010095,-3.5,-0.2,
300663,科蓝软件,软件和信息技术服务业,7.49,-9.073,13.049,35.84,34.48,1.8001,3.1223,-42.35,-0.7524,-0.0622,-1109.65,15.749623,31.297384,-15.55,-20.54,
301195,北路智控,软件和信息技术服务业,27.14,23.6,1.482,35.84,23.8,4.3973,4.6459,-5.35,0.4569,0.7013,-34.85,38.941757,44.398502,-5.46,1.86,
301221,光庭信息,软件和信息技术服务业,27.11,33.56,1.748,35.62,24.22,3.1898,2.7541,15.82,-0.2944,0.4292,-168.59,30.353942,38.988687,-8.63,-1.46,
688588,凌志软件,软件和信息技术服务业,9.0,32.967,3.111,35.1,35.1,4.5175,5.1559,-12.38,-0.2446,1.1197,-121.85,27.18644,26.911566,0.27,-2.01,
002148,北纬科技,软件和信息技术服务业,6.27,-627.0,2.852,35.03,28.28,1.9874,1.9449,2.19,0.0478,-0.0313,252.72,34.942933,37.282456,-2.34,0.39,
301380,挖金客,软件和信息技术服务业,34.5,82.143,4.658,34.98,28.41,5.7631,5.3286,8.15,0.2718,0.3087,-11.95,14.106325,15.704931,-1.6,3.6,
000889,中嘉博创,软件和信息技术服务业,3.7,-130.742,17.395,34.64,32.18,7.3199,7.7576,-5.64,1.2534,-0.2144,684.61,9.496236,7.650467,1.85,91.81,
688292,浩瀚深度信息技术,软件和信息技术服务业,21.74,-1087.0,3.608,34.43,34.43,1.5041,1.5371,-2.15,-0.4779,0.0253,-1988.93,57.632977,65.268802,-7.64,-4.72,
003005,竞业达,软件和信息技术服务业,14.85,400.27,1.965,34.36,19.93,1.1224,1.1828,-5.11,-0.7437,-0.1898,-291.83,49.424367,47.40399,2.02,-4.13,
300608,思特奇,软件和信息技术服务业,9.86,-18.259,2.375,34.32,30.01,1.8113,1.8,0.63,-1.0247,-0.8806,-16.36,2.297812,15.472306,-13.17,-7.84,
688030,山石网科,软件和信息技术服务业,19.0,-17.694,4.929,34.25,34.25,4.5133,4.1682,8.28,-0.2112,-0.7656,72.41,71.269798,69.260452,2.01,-2.93,
003029,吉大正元,软件和信息技术服务业,17.59,-29.814,3.397,34.06,30.89,1.4286,1.7726,-19.41,-0.351,-0.4313,18.62,53.457711,55.481716,-2.02,-3.44,
301302,华如科技,软件和信息技术服务业,21.72,-14.48,2.381,33.85,30.19,1.8007,1.0301,74.81,-0.6277,-0.8381,25.1,35.857886,24.907074,10.95,-4.33,
603258,电魂网络,互联网和相关服务,13.92,-15.64,1.772,33.79,33.59,1.8304,1.9405,-5.67,-0.5877,-0.0934,-529.23,52.016608,61.102573,-9.09,-3.03,
301178,天亿马,软件和信息技术服务业,35.88,326.182,4.273,33.41,24.65,2.1254,1.4563,45.95,0.0259,0.0606,-57.26,19.759798,30.326615,-10.57,0.33,
301197,工大科雅,软件和信息技术服务业,27.56,102.074,2.562,33.22,29.97,0.5159,0.8781,-41.25,-0.2635,-0.154,-71.1,37.157245,40.220886,-3.06,-2.0,
688130,晶华微电子,软件和信息技术服务业,27.36,-78.171,2.667,33.08,16.49,1.0717,0.7862,36.31,-0.0202,-0.2296,91.2,49.727161,50.921738,-1.19,-0.16,
301270,汉仪股份,软件和信息技术服务业,32.45,223.485,3.409,32.45,30.66,0.8197,0.8997,-8.89,0.0195,0.0633,-69.19,80.406986,79.238702,1.17,0.2,
688657,浩辰软件,软件和信息技术服务业,33.95,43.526,2.315,32.4,20.27,1.8138,1.4419,25.79,0.2207,0.2656,-16.91,92.79191,91.993982,0.8,1.58,
300250,初灵信息,软件和信息技术服务业,14.85,78.158,5.702,31.74,23.4,1.1555,1.1457,0.86,0.0186,0.0345,-46.09,43.771425,54.213238,-10.44,0.33,
688579,地纬智能,软件和信息技术服务业,7.92,52.695,2.298,31.68,31.68,1.2957,2.0911,-38.04,-0.2744,0.1977,-238.8,49.786648,52.191419,-2.4,-1.97,
301313,凡拓数创,软件和信息技术服务业,30.82,-23.891,5.291,31.54,24.26,2.3073,3.1956,-27.8,-0.7725,-0.4686,-64.85,31.487678,26.624185,4.86,-12.25,
688391,钜泉科技,软件和信息技术服务业,27.02,72.479,1.693,31.24,31.24,2.7846,2.7208,2.34,0.136,0.3749,-63.72,37.706177,41.131455,-3.43,0.73,
300051,琏升科技,软件和信息技术服务业,8.28,-23.657,29.424,30.8,30.46,0.9659,2.0944,-53.88,-0.4405,-0.5016,12.18,-32.881554,-16.840095,-16.04,-45.8,
300941,创识科技,软件和信息技术服务业,15.03,93.938,2.417,30.77,19.05,1.0094,0.8667,16.46,-0.0306,0.0638,-147.96,34.704384,34.440284,0.26,-0.24,
300578,会畅科技,软件和信息技术服务业,15.5,-221.429,2.709,30.73,30.72,1.8667,2.2194,-15.89,-0.3051,0.0802,-480.42,29.696264,35.46006,-5.76,-2.65,
688589,力合微电子,软件和信息技术服务业,20.79,148.5,3.152,30.21,30.21,2.1019,1.9828,6.01,0.1929,0.2485,-22.37,40.538713,47.54884,-7.01,1.83,
002908,德生科技,软件和信息技术服务业,7.0,334.928,2.852,30.2,22.77,2.1733,2.485,-12.54,-0.2632,0.0887,-396.73,34.823578,45.217415,-10.39,-2.41,
002995,天地在线,互联网和相关服务,17.02,-23.547,3.772,30.2,20.71,5.0514,6.5392,-22.75,-0.0145,-0.3344,95.66,6.39085,4.927633,1.46,-0.18,
300235,方直科技,软件和信息技术服务业,11.95,170.714,4.255,30.08,24.47,0.3829,0.3057,25.25,0.0578,0.0301,92.03,79.471239,82.048337,-2.58,0.82,
300148,天舟文化,互联网和相关服务,3.56,44.5,2.857,30.02,28.98,2.2111,2.4852,-11.03,0.2689,0.5167,-47.96,35.421842,30.412848,5.01,2.6,
920806,云星宇,软件和信息技术服务业,9.95,39.8,1.947,29.92,29.92,7.0591,6.5653,7.52,0.2321,0.2663,-12.84,14.751262,15.434648,-0.68,1.49,
300609,汇纳科技,软件和信息技术服务业,24.91,-35.852,3.48,29.92,29.87,1.3835,1.2639,9.46,-0.7755,-0.1747,-343.9,37.406714,53.425625,-16.02,-8.61,
300025,华星创业,软件和信息技术服务业,5.85,-20.341,7.229,29.76,29.65,2.6258,2.9284,-10.33,-0.1864,-0.2632,29.18,13.639374,11.325413,2.31,-4.42,
688296,和达科技,软件和信息技术服务业,27.58,-42.431,5.295,29.62,29.62,1.2624,1.2435,1.52,-0.2435,-0.1747,-39.38,34.672015,31.561085,3.11,-4.22,
300810,中科海讯,软件和信息技术服务业,25.04,-66.156,4.029,29.56,28.55,1.0464,0.9597,9.03,-0.4492,-0.6468,30.55,24.401492,22.129925,2.27,-5.92,
300845,捷安高科,软件和信息技术服务业,14.2,71.0,3.704,29.2,20.64,1.2517,1.0173,23.04,-0.0674,0.0086,-883.72,37.209134,46.316766,-9.11,-0.81,
002331,皖通科技,软件和信息技术服务业,6.8,-8.814,2.061,29.13,27.44,4.4425,3.241,37.07,-0.6584,-0.3744,-75.85,14.664239,23.26995,-8.61,-4.6,
002425,凯撒文化,互联网和相关服务,3.04,-5.194,1.176,29.08,27.97,3.1304,2.7332,14.53,0.0499,-0.5874,108.5,22.254611,-2.142614,24.4,0.2,
301337,亚华电子,软件和信息技术服务业,27.85,-198.929,2.667,29.02,28.39,1.219,1.025,18.93,-0.0718,-0.0472,-52.12,39.86037,40.779979,-0.92,-0.66,
688171,纬德信息,软件和信息技术服务业,24.82,177.286,3.559,29.0,29.0,0.5771,0.4629,24.67,-0.0778,0.0311,-350.16,49.875878,42.123859,7.75,-0.95,
920953,国子软件,软件和信息技术服务业,22.5,43.269,4.688,28.83,13.47,1.0354,0.9917,4.41,0.1305,0.1798,-27.42,56.371719,56.468599,-0.1,2.15,
002771,真视通,软件和信息技术服务业,13.55,-45.167,4.898,28.42,24.47,0.8315,1.3051,-36.29,-0.2501,-0.3707,32.53,14.05609,16.273636,-2.22,-4.22,
301299,卓创资讯,软件和信息技术服务业,46.45,42.615,4.834,28.18,21.3,1.8529,1.7115,8.26,0.3646,0.3514,3.76,63.722081,64.346726,-0.62,6.15,
920748,路桥信息,软件和信息技术服务业,36.5,-41.011,14.542,28.01,25.69,0.8081,0.3084,162.03,-0.2054,-0.2472,16.91,20.288487,24.219528,-3.93,-10.13,
300659,中孚信息,软件和信息技术服务业,10.71,-26.775,2.471,27.89,19.53,2.1339,2.9592,-27.89,-1.1979,-1.0638,-12.61,78.068628,68.790819,9.28,-10.08,
300275,梅安森,软件和信息技术服务业,8.96,67.318,2.875,27.6,24.32,2.1319,2.2266,-4.25,0.2607,0.2873,-9.26,42.340702,45.082452,-2.74,2.72,
300730,科创信息,软件和信息技术服务业,11.38,-19.965,20.446,27.44,23.53,0.4734,0.5406,-12.43,-0.3655,-0.5105,28.4,15.975842,25.573327,-9.6,-23.71,
300365,恒华科技,软件和信息技术服务业,4.52,-11.895,1.732,27.11,23.13,1.5453,3.7275,-58.54,-0.3114,0.0606,-613.86,22.604337,22.338915,0.27,-1.93,
301428,世纪恒通,互联网和相关服务,27.31,-74.071,2.213,26.95,19.02,4.891,5.4023,-9.46,0.3127,0.3697,-15.42,29.586282,25.818855,3.77,2.6,
688229,博睿宏远数据,软件和信息技术服务业,60.57,-27.284,7.873,26.89,26.89,0.5726,0.702,-18.43,-0.3562,-0.2619,-36.01,69.730704,67.715507,2.02,-9.94,
603602,纵横通信,软件和信息技术服务业,11.63,-15.932,2.946,26.87,26.87,9.8351,7.9749,23.33,0.1492,0.1174,27.09,15.905784,17.036752,-1.13,1.67,
688619,罗普特科技,软件和信息技术服务业,14.47,-11.305,4.143,26.83,26.83,0.6363,0.7122,-10.66,-0.4166,-0.4737,12.05,10.416803,25.607108,-15.19,-6.45,
300264,佳创视讯,软件和信息技术服务业,6.2,-76.923,2066.667,26.71,22.97,0.2688,0.8202,-67.23,-0.114,-0.0743,-53.43,36.818813,23.184724,13.63,-163.01,
301185,鸥玛软件,软件和信息技术服务业,17.35,45.658,2.455,26.62,24.37,0.9875,1.0317,-4.28,0.3112,0.3618,-13.99,63.262723,63.598419,-0.34,2.83,
688004,北京博汇科技,软件和信息技术服务业,33.14,-114.276,4.73,26.54,26.54,0.4013,0.512,-21.62,-0.2074,-0.169,-22.72,52.828719,56.805003,-3.98,-3.63,
300052,中青宝,互联网和相关服务,10.13,-48.238,8.055,26.53,26.53,0.6224,0.9795,-36.46,-0.2953,-0.2465,-19.8,18.519159,28.728467,-10.21,-8.58,
300359,全通教育,软件和信息技术服务业,4.15,-37.727,5.349,26.28,26.28,0.8789,1.2456,-29.44,-0.4154,-0.323,-28.61,16.676788,18.258556,-1.58,-8.11,
300350,华鹏飞,软件和信息技术服务业,4.62,-77.0,2.97,25.96,21.34,3.5642,1.8805,89.53,-0.0981,0.0208,-571.63,8.919489,13.135631,-4.22,-1.12,
688651,远江盛邦安全,软件和信息技术服务业,24.94,-38.969,2.878,25.56,11.73,0.8853,1.0552,-16.1,-0.4051,-0.3641,-11.26,65.378184,71.192936,-5.81,-4.46,
688435,英方软件,软件和信息技术服务业,30.11,-167.278,2.336,25.14,16.88,0.7307,0.8435,-13.37,-0.1881,-0.0953,-97.38,77.466242,84.798242,-7.33,-1.73,
301159,三维天地,软件和信息技术服务业,32.25,293.182,3.971,24.95,17.1,0.7993,0.6926,15.41,-0.3629,-0.6058,40.1,38.911234,29.348194,9.56,-5.6,
688244,永信至诚,软件和信息技术服务业,16.5,-51.563,2.714,24.91,24.91,0.5434,0.8528,-36.28,-0.5347,-0.4205,-27.16,35.083394,51.509673,-16.43,-5.66,
300987,川网传媒,互联网和相关服务,14.32,119.333,3.161,24.83,24.83,1.2536,1.3521,-7.28,0.0074,0.0274,-72.99,27.639338,26.184126,1.46,0.09,
300150,世纪瑞尔,软件和信息技术服务业,4.17,46.333,1.55,24.4,19.33,2.6546,3.5614,-25.46,-0.1059,0.4153,-125.5,37.409481,41.053568,-3.64,-0.67,
900926,宝信B,软件和信息技术服务业,0.848,1.064,0.221,24.34,6.14,56.3188,47.1471,19.45,7.0678,7.1253,-0.81,29.784273,34.994506,-5.21,6.32,
301378,通达海,软件和信息技术服务业,25.19,-19.377,2.085,24.33,15.57,1.8823,1.5316,22.9,-0.6417,-0.4403,-45.74,31.673955,35.763398,-4.09,-5.35,
300242,佳云科技,互联网和相关服务,3.83,-67.549,10.337,24.3,24.3,4.7008,11.3034,-58.41,-0.1332,-0.2942,54.72,11.828436,4.606454,7.22,-5.51,
688246,嘉和美康科技,软件和信息技术服务业,17.22,-9.462,1.935,23.69,23.69,1.7358,2.1869,-20.63,-0.8001,-1.1629,31.2,24.549466,20.51831,4.03,-6.33,
300789,唐源电气,软件和信息技术服务业,16.39,89.759,2.317,23.58,22.88,1.7357,2.8996,-40.14,-0.3351,0.336,-199.73,42.506081,37.937365,4.57,-3.26,
688500,慧辰资讯股份公司,软件和信息技术服务业,30.7,-55.818,3.28,23.32,23.0,2.0679,2.0161,2.57,-0.5983,-0.3203,-86.79,21.163818,23.008868,-1.85,-8.29,
300513,恒实科技,软件和信息技术服务业,7.35,-3.296,4.439,23.06,21.11,4.9277,4.0293,22.3,-0.4662,-1.0587,55.96,13.243177,6.940201,6.3,-8.59,
600892,大晟文化,软件和信息技术服务业,4.12,-27.467,-169.547,23.05,23.04,1.5389,1.0878,41.47,-0.3885,-0.3373,-15.18,74.457231,69.954479,4.5,0.0,
688369,致远互联,软件和信息技术服务业,19.57,-9.736,3.078,22.55,22.55,3.6648,3.3787,8.47,-1.1265,-1.3549,16.86,58.897818,60.6527,-1.75,-14.36,
688078,龙软科技,软件和信息技术服务业,30.92,-42.356,3.408,22.54,22.54,0.8754,0.8598,1.81,-0.1488,0.0482,-408.71,22.687432,37.061198,-14.37,-2.22,
688038,武汉中科通达,软件和信息技术服务业,19.3,-643.333,3.764,22.46,22.46,0.8968,0.8288,8.2,0.0197,-0.0085,331.76,22.827426,23.222103,-0.39,0.33,
688060,江苏云涌电子科技,软件和信息技术服务业,37.13,-181.299,2.546,22.35,22.35,0.9958,1.2998,-23.39,-0.1915,-0.0886,-116.14,28.009282,32.231503,-4.22,-2.1584,
688316,青云科技,软件和信息技术服务业,45.92,-32.955,70.548,21.99,21.99,0.8742,1.0011,-12.68,-0.3451,-0.4156,16.96,27.326006,25.780483,1.55,-130.98,
300935,盈建科,软件和信息技术服务业,27.61,-27.889,3.041,21.93,16.64,0.4607,0.4845,-4.91,-0.3933,-0.3238,-21.46,88.797641,82.294622,6.5,-5.31,
300597,吉大通信,软件和信息技术服务业,7.95,-24.844,2.333,21.67,21.59,2.1501,2.1871,-1.69,-0.1358,-0.1568,13.39,16.544187,17.523006,-0.98,-1.45,
300851,交大思诺,软件和信息技术服务业,24.69,28.709,1.657,21.46,13.99,1.51,1.2831,17.68,0.1875,0.1219,53.81,67.783365,69.000167,-1.22,1.4,
920592,华信永道,软件和信息技术服务业,26.28,-54.75,6.898,21.23,13.22,0.6028,0.46,31.04,-0.3142,-0.2371,-32.52,19.766182,24.3508,-4.58,-9.72,
300074,华平股份,软件和信息技术服务业,3.83,-11.285,2.534,21.08,21.07,1.1011,1.5969,-31.05,-0.2529,-0.3672,31.13,51.08554,31.047176,20.04,-3.01,
300645,正元智慧,软件和信息技术服务业,13.92,154.667,1.882,19.78,19.39,5.1048,4.6005,10.96,-0.1689,-0.1874,9.87,43.471924,44.980295,-1.51,-1.54,
920207,众诚科技,软件和信息技术服务业,21.32,2132.0,6.747,19.66,12.01,1.8906,1.336,41.51,0.0702,-0.1501,146.77,21.723772,21.674401,0.05,2.38,
002253,川大智胜,软件和信息技术服务业,8.7,-8.056,2.346,19.63,18.27,0.6553,0.5452,20.19,-0.2952,-0.3288,10.22,13.874613,11.108609,2.77,-3.47,
920227,美登科技,软件和信息技术服务业,50.39,45.396,4.907,19.62,8.93,0.7785,0.7599,2.45,0.2073,0.1938,6.97,68.125073,65.581288,2.54,4.87,
300556,丝路视觉,软件和信息技术服务业,15.98,-31.96,4.955,19.43,17.34,3.6902,2.7695,33.24,0.0106,-0.8026,101.32,27.455611,12.004184,15.45,0.26,
688051,罗克佳华科技,软件和信息技术服务业,25.0,-16.026,3.569,19.33,19.33,0.8293,1.0943,-24.22,-0.5736,-0.4088,-40.31,23.488521,20.428377,3.06,-10.06,
688058,宝兰德软件,软件和信息技术服务业,25.25,-25.0,3.234,19.15,19.15,0.9012,0.8174,10.25,-0.5875,-0.6777,13.31,72.26118,69.675634,2.59,-9.45,
688118,普元信息,软件和信息技术服务业,20.15,261.688,2.385,19.1,19.1,0.762,0.9918,-23.17,-0.4504,-0.2963,-52.01,46.585495,49.694877,-3.11,-5.29,
920790,联迪信息,软件和信息技术服务业,22.86,228.6,6.08,18.05,12.43,1.0695,0.8498,25.85,-0.0655,0.1012,-164.72,18.431922,31.138233,-12.71,-2.12,
300605,恒锋信息,软件和信息技术服务业,10.24,-68.267,4.103,16.91,12.94,1.1751,2.6839,-56.22,-0.3825,0.0246,-1654.88,8.714164,19.529657,-10.82,-8.42,
002316,亚联发展,软件和信息技术服务业,4.3,273.885,21.861,16.9,14.65,2.3042,2.8533,-19.24,0.0045,0.0618,-92.72,12.666963,13.806967,-1.14,0.58,
688695,中创股份,软件和信息技术服务业,19.82,-60.061,2.242,16.86,10.58,0.5005,0.5984,-16.36,-0.1997,-0.0796,-150.88,98.096778,79.37717,18.72,-2.62,
920924,广脉科技,软件和信息技术服务业,14.63,91.438,4.828,15.7,9.56,1.6971,1.829,-7.21,0.0759,0.1415,-46.36,24.008788,22.590727,1.42,2.35,
920171,志晟信息,软件和信息技术服务业,15.64,312.8,7.142,15.68,10.58,1.1957,0.8265,44.67,0.0107,0.0249,-57.03,25.431608,39.926206,-14.49,0.49,
920092,汉鑫科技,软件和信息技术服务业,24.58,-39.016,4.494,15.26,8.1,0.4849,0.6385,-24.06,-0.149,-0.1792,16.85,19.708943,24.524699,-4.82,-4.3,
920130,立方控股,软件和信息技术服务业,16.44,-29.891,3.301,15.16,9.42,1.5764,1.5626,0.88,-0.1492,-0.1213,-23.0,39.398457,43.527097,-4.13,-3.19,
920184,国源科技,软件和信息技术服务业,11.23,66.059,2.369,14.79,10.04,1.159,1.1142,4.02,0.0761,0.0721,5.55,37.385254,42.732365,-5.35,1.21,
920564,天润科技,软件和信息技术服务业,13.76,196.571,5.232,14.71,6.77,0.3613,0.7037,-48.66,-0.3934,-0.0715,-450.21,11.866884,46.067415,-34.2,-12.92,
920425,乐创技术,软件和信息技术服务业,14.06,31.244,3.524,14.16,11.66,0.9347,0.5188,80.17,0.3761,0.1826,105.97,70.260712,69.372235,0.89,13.29,
920670,数字人,软件和信息技术服务业,12.38,154.75,5.577,13.15,8.25,0.2951,0.2974,-0.77,-0.0798,-0.039,-104.62,69.232074,75.172411,-5.94,-3.28,
920415,恒拓开源,软件和信息技术服务业,8.75,48.611,2.198,12.29,9.38,0.798,0.6646,20.07,0.0634,0.0312,103.21,47.981806,49.219854,-1.24,1.13,
920932,科达自控,软件和信息技术服务业,10.3,-12.262,1.907,10.85,8.97,1.841,1.4897,23.58,-0.3979,0.0458,-968.78,26.096415,44.456448,-18.36,-6.76,
920375,派诺科技,软件和信息技术服务业,6.31,70.111,1.211,9.6,6.21,2.1116,2.5972,-18.7,-0.3113,0.0368,-945.92,33.79063,36.032544,-2.24,-4.08,
920508,殷图网联,软件和信息技术服务业,14.5,362.5,4.545,8.7,4.63,0.2204,0.2652,-16.89,-0.0069,-0.0237,70.89,37.133022,35.005546,2.13,-0.35,
900901,云赛B股,软件和信息技术服务业,0.617,4.169,0.175,8.44,1.81,28.8233,31.3229,-7.98,1.0186,0.9501,7.21,16.268962,16.068376,0.2,2.0674,
