code,name,tier,group,mktcap_yi,pe,pb,rev_26h1,rev_yoy_calc,np_26h1,gm_26h1,gm_chg_pp
688256,寒武纪科技,剔除,芯片/半导体设计,6863.82,221.396,50.635,59.9557,108.13,23.1091,55.250573,-0.67
600406,国电南瑞,剔除,嵌入式/电力·轨交·军工硬件,1788.67,21.413,3.435,277.6719,14.54,30.7269,25.339295,-1.11
688702,盛科通信,剔除,芯片/半导体设计,1346.85,-887.838,59.848,6.7068,32.04,-0.1757,43.968635,-2.73
300442,润泽科技,剔除,IDC/算力租赁/机房,1116.07,22.67,7.701,37.4569,50.05,12.0345,46.580711,-2.82
688521,芯原微电子,剔除,芯片/半导体设计,1091.01,-201.408,37.293,18.6354,91.37,-6.1213,31.342202,-11.98
002602,世纪华通,剔除,游戏,1048.85,18.244,3.065,221.1704,28.53,45.0272,72.687249,3.19
688111,金山办公,核心,办公与工具软件,1030.25,55.927,6.833,33.1326,24.69,25.1759,84.895308,-0.14
002230,科大讯飞,核心,AI 原生/智能应用,920.48,106.444,4.03,116.2277,6.52,-2.0384,39.754421,-0.47
301638,南网数字,核心,AI 原生/智能应用,670.91,91.739,6.026,22.1771,42.37,2.0243,34.623239,1.45
688777,中控技术,核心,工业/研发设计软件,633.11,142.893,6.424,36.3496,-5.1,1.5509,31.665627,-0.41
601360,XD三六零,核心,网络安全,626.46,223.75,2.218,41.7212,9.01,2.1569,69.662368,3.12
300454,深信服,核心,网络安全,612.77,152.677,5.533,39.9787,32.85,2.3123,60.888758,-1.2
300418,昆仑万维,观望,软硬一体/垂直信息化,536.63,-32.625,3.626,53.592,43.55,10.8801,65.575385,-4.3
600845,宝信软件,核心,基础软件/数据库/云,521.85,39.956,4.707,56.3188,19.45,7.0678,29.784273,-5.21
301269,华大九天,核心,工业/研发设计软件,479.72,796.0,9.266,5.6646,12.94,-0.4506,87.482732,-1.64
688536,思瑞浦股份,剔除,芯片/半导体设计,478.86,266.777,7.233,16.0582,69.19,3.0776,49.003901,2.62
002558,巨人网络,剔除,游戏,448.91,25.128,2.668,46.8873,182.08,21.443,95.789993,5.01
688052,纳芯微电子,剔除,芯片/半导体设计,413.68,-158.131,5.343,25.4042,66.73,0.6759,32.089718,-3.12
688188,上海柏楚电子科技,核心,工业/研发设计软件,386.29,24.676,6.093,12.7825,15.84,7.8715,73.928625,-4.9
002555,三七互娱,剔除,游戏,384.49,13.167,2.729,72.7464,-14.28,17.6627,77.472735,0.77
301396,宏景科技,观望,软硬一体/垂直信息化,380.09,1028.198,28.918,18.4326,156.43,1.3709,34.878161,14.84
688099,晶晨半导体,剔除,芯片/半导体设计,378.96,43.038,4.753,43.9146,31.86,6.1079,38.725845,1.93
300017,网宿科技,观望,数据/云/算力服务,377.85,45.879,3.637,23.1811,-1.38,3.479,35.918859,2.47
600570,恒生电子,核心,金融IT,377.59,30.677,3.888,21.4378,-11.65,2.6066,69.361259,-0.19
301236,软通动力,观望,IT服务/系统集成,372.15,163.409,2.842,186.0711,17.91,-2.6466,9.604191,-1.02
300413,芒果超媒,剔除,传媒/广告/电商/零售,355.44,28.788,1.54,61.9378,3.86,2.0169,20.049158,-6.51
002517,恺英网络,剔除,游戏,345.46,18.169,3.293,47.9659,86.06,14.2832,76.872824,-5.51
002195,岩山科技,剔除,传媒/广告/电商/零售,340.56,368.712,3.441,3.4205,7.97,0.5951,30.024361,2.6
600588,用友网络,核心,企业管理 ERP/OA,317.78,-22.683,4.728,37.271,4.08,-9.285,50.891121,2.56
002261,拓维信息,观望,软硬一体/垂直信息化,314.1,491.716,12.025,13.1153,0.39,0.6922,18.721038,2.53
002131,利欧股份,剔除,传媒/广告/电商/零售,291.86,828.846,2.205,101.8838,5.74,1.3832,7.300715,-1.48
600536,中国软件,核心,基础软件/数据库/云,286.58,-613.8,7.986,17.9232,-20.05,-0.124,49.830694,10.1
688368,晶丰明源半导体,剔除,芯片/半导体设计,285.76,350.525,5.688,14.5227,98.54,0.8655,37.203395,-2.39
688449,联芸科技,剔除,芯片/半导体设计,283.41,198.742,11.653,8.5411,40.08,5.1955,49.852621,-1.8
688318,财富趋势,核心,金融IT,279.68,63.415,7.302,1.2134,-8.72,0.9212,67.713163,-11.82
688018,乐鑫科技,剔除,芯片/半导体设计,278.07,37.64,5.91,14.8071,18.88,3.3423,49.317848,4.11
300339,润和软件,观望,IT服务/系统集成,269.98,282.5,7.372,18.7852,7.53,0.8266,22.661458,-1.06
300496,中科创达,核心,AI 原生/智能应用,254.13,56.209,2.402,43.0456,30.46,2.456,29.077182,-4.08
603444,吉比特,剔除,游戏,246.38,13.735,4.068,37.2684,48.01,10.9154,93.707793,1.39
688279,峰岹科技,剔除,芯片/半导体设计,245.84,98.87,4.697,5.609,49.56,1.9921,52.026328,-0.39
688568,中科星图公司,核心,AI 原生/智能应用,244.85,757.5,7.084,5.1428,-61.85,-3.1867,38.364459,-7.71
688692,达梦数据,核心,基础软件/数据库/云,229.62,44.467,5.924,7.1281,36.27,2.2102,95.361827,-0.86
688343,云天励飞股份,核心,AI 原生/智能应用,229.61,-54.11,6.44,6.3566,-1.57,-2.5202,29.046822,0.52
600602,云赛智联,观望,IT服务/系统集成,228.13,117.465,4.583,28.8233,-7.98,1.0186,16.268962,0.2
300085,银之杰,核心,金融IT,215.6,-162.201,50.994,3.72,4.0,-0.2269,31.291448,2.71
002065,东华软件,观望,IT服务/系统集成,210.28,44.056,1.677,52.6949,-6.27,2.2267,21.165239,0.96
301171,易点天下,剔除,传媒/广告/电商/零售,207.27,98.559,5.437,22.3235,28.54,0.7845,13.867227,-3.87
603881,数据港,剔除,IDC/算力租赁/机房,206.46,126.053,6.105,7.8161,-3.57,0.8588,29.294206,0.3
001270,铖昌科技,剔除,芯片/半导体设计,204.59,172.476,12.932,2.1597,7.34,0.763,83.027102,14.99
002153,石基信息,核心,垂直行业软件,203.6,-124.333,3.101,12.6911,1.56,0.257,48.421166,0.98
300613,富瀚微,剔除,芯片/半导体设计,202.34,137.905,6.372,14.6316,112.66,3.4977,45.276706,9.83
000158,常山北明,观望,IT服务/系统集成,200.63,627.5,3.824,36.9749,-0.65,-1.134,10.72943,-0.26
300383,光环新网,剔除,IDC/算力租赁/机房,198.99,-26.357,1.676,33.3158,-10.34,0.6086,13.731307,-1.43
000997,新大陆,剔除,嵌入式/电力·轨交·军工硬件,197.86,19.425,2.573,56.3732,40.24,6.8969,28.183736,-7.57
300277,汽轮科技,剔除,工程/运维/非软商业模式,195.94,1957.576,2.016,28.8121,14.23,2.5441,28.350716,3.17
688206,概伦电子,核心,工业/研发设计软件,195.36,459.875,9.735,2.4039,10.05,-0.0673,85.120594,-6.52
688561,奇安信集团,核心,网络安全,195.19,-15.138,2.773,14.9662,-14.09,-4.1128,50.998739,-1.68
300738,奥飞数据,剔除,IDC/算力租赁/机房,190.24,141.258,5.187,14.6881,27.95,1.9657,34.421477,0.93
002624,完美世界,剔除,游戏,187.98,24.846,2.887,27.5102,-25.47,-1.1844,69.705639,13.03
603000,人民网,剔除,传媒/广告/电商/零售,185.87,87.37,4.953,7.3159,1.42,0.2124,39.302977,0.56
002439,启明星辰,核心,网络安全,173.84,-30.448,1.599,12.3462,9.01,0.3079,56.185999,-3.72
000032,深桑达Ａ,剔除,工程/运维/非软商业模式,172.19,-126.858,2.378,242.631,3.54,-2.084,7.555218,-1.66
600226,亨通股份,剔除,嵌入式/电力·轨交·军工硬件,171.92,82.571,4.609,14.1001,72.33,0.9162,8.645263,0.52
688615,合合信息,核心,办公与工具软件,170.74,26.886,5.751,10.3096,22.28,2.4671,86.954753,0.67
600410,华胜天成,观望,IT服务/系统集成,169.96,612.648,4.081,25.0146,10.57,-2.4504,10.802078,-1.33
600131,国网信通,剔除,嵌入式/电力·轨交·军工硬件,168.54,25.6,2.564,34.3329,-2.59,2.3138,17.331287,-4.79
688332,中科蓝讯,剔除,芯片/半导体设计,167.49,7.986,2.941,9.0529,11.52,4.7962,21.783074,-1.14
301316,慧博云通,观望,IT服务/系统集成,167.05,169.84,15.367,12.7021,23.82,0.1946,18.116212,-2.73
603171,税友股份,核心,垂直行业软件,162.44,117.706,6.351,10.1208,9.72,0.94,62.227168,3.17
300773,拉卡拉,观望,数据/云/算力服务,160.16,9.755,3.456,32.5674,22.81,6.6897,24.720776,-0.4
300170,汉得信息,核心,企业管理 ERP/OA,158.77,66.348,2.73,16.7007,6.07,0.9436,35.113748,0.25
300002,神州泰岳,观望,数据/云/算力服务,156.98,19.525,1.993,32.3384,20.45,3.8193,43.881001,-15.95
920138,杰理科技,剔除,芯片/半导体设计,154.31,23.919,3.057,14.5755,6.16,3.1116,32.255739,1.94
300253,卫宁健康,核心,垂直行业软件,151.89,-40.78,2.818,9.9441,18.5,-1.764,33.667778,-2.74
301095,广立微,核心,工业/研发设计软件,150.13,166.578,4.78,3.4107,38.68,0.3478,60.398613,1.82
002990,盛视科技,观望,软硬一体/垂直信息化,147.78,171.061,5.742,7.3428,33.73,1.0666,41.529654,2.24
002929,润建股份,剔除,工程/运维/非软商业模式,147.2,367.143,2.253,37.5559,-22.83,0.2679,13.544331,0.07
603613,国联股份,剔除,传媒/广告/电商/零售,141.66,10.743,1.448,201.7986,-16.09,6.8567,7.956934,1.6
002405,四维图新,观望,数据/云/算力服务,141.02,134.312,1.697,17.6676,0.36,-4.8882,22.443275,-10.59
688031,星环科技,核心,基础软件/数据库/云,140.15,-51.084,18.694,1.736,13.83,-1.1284,47.113817,1.43
000682,东方电子,剔除,嵌入式/电力·轨交·军工硬件,139.44,15.29,2.23,36.6735,15.98,4.0286,30.681485,-2.4
300166,东方国信,核心,AI 原生/智能应用,138.93,-64.211,2.457,10.9955,16.87,-0.7968,32.658583,1.24
002410,广联达,核心,工业/研发设计软件,138.76,34.049,2.365,26.183,-6.47,2.0034,88.816551,1.02
002174,游族网络,剔除,游戏,137.27,-36.868,2.942,6.9637,1.21,2.5268,34.442921,-5.25
688158,优刻得科技,核心,基础软件/数据库/云,136.6,-185.313,5.55,9.8165,24.09,0.0808,28.357786,3.4
300302,同有科技,剔除,嵌入式/电力·轨交·军工硬件,135.39,-257.521,10.534,2.6076,50.12,2.5779,49.100984,-2.51
300671,富满微,剔除,芯片/半导体设计,134.67,-71.607,8.038,6.777,77.04,0.9064,26.12605,15.19
603888,新华网,剔除,传媒/广告/电商/零售,130.48,36.032,3.409,8.3205,2.66,1.4557,40.589083,0.45
600633,浙数文化,剔除,传媒/广告/电商/零售,128.46,22.511,1.243,17.2729,22.16,3.0139,41.021721,-14.64
688507,索辰科技,核心,工业/研发设计软件,125.72,391.917,4.635,0.7274,26.84,-0.7866,60.249372,18.36
002268,电科网安,核心,网络安全,124.65,216.129,2.282,4.6853,-4.04,-1.71,36.562541,-7.81
002354,天娱数科,剔除,传媒/广告/电商/零售,123.76,-253.559,7.169,10.9381,10.76,0.4072,31.072277,8.38
300459,汤姆猫,剔除,游戏,122.7,-10.265,15.893,4.4748,-3.32,0.5159,87.058341,0.47
600271,航天信息,核心,网络安全,122.48,-16.525,0.952,21.5162,-13.51,-3.7694,18.309346,-5.79
300469,信息发展,剔除,嵌入式/电力·轨交·军工硬件,121.36,-76.391,61.013,0.8793,-3.03,-0.6656,4.396586,-17.38
300687,赛意信息,核心,企业管理 ERP/OA,120.28,-113.269,4.42,10.3273,14.43,0.5602,32.308522,0.4
688088,虹软科技,核心,AI 原生/智能应用,118.31,46.078,4.318,4.3984,7.19,0.7714,89.034735,0.67
002373,千方科技,观望,软硬一体/垂直信息化,115.2,42.882,1.008,32.8279,-0.82,-0.2086,36.930744,5.74
300674,宇信科技,核心,金融IT,113.63,25.619,2.424,12.9135,-8.75,3.0938,33.442096,-1.35
600589,大位科技,剔除,IDC/算力租赁/机房,113.49,-766.0,19.412,2.5932,26.05,-0.6974,15.808906,-4.65
600850,电科数字,观望,软硬一体/垂直信息化,113.13,28.857,2.339,52.0572,7.23,0.683,16.104987,-1.09
603927,中科软,核心,金融IT,112.77,50.353,3.67,24.355,0.06,0.9034,27.767171,-0.73
300468,四方精创,核心,金融IT,112.6,151.571,6.845,3.528,14.88,0.3634,35.971231,-3.84
300229,拓尔思,核心,AI 原生/智能应用,112.44,-38.281,3.059,1.2637,-48.38,-1.6875,61.425138,-1.53
688508,芯朋微电子,剔除,芯片/半导体设计,111.62,58.131,3.856,6.6511,4.57,1.5757,35.101019,-2.23
301382,蜂助手,观望,数据/云/算力服务,111.14,71.337,5.7,13.3868,36.14,0.7753,17.410423,-0.32
300113,顺网科技,观望,数据/云/算力服务,110.02,26.323,4.198,5.6559,-44.01,1.5827,66.788958,27.98
603039,泛微网络,核心,企业管理 ERP/OA,109.77,31.298,4.095,8.4862,5.04,1.1475,94.240255,0.31
002987,京北方,核心,金融IT,109.77,27.763,3.79,23.3629,-1.05,0.9882,21.089767,-0.34
300315,掌趣科技,剔除,游戏,107.22,-66.0,2.333,3.3383,-6.75,0.3626,76.93061,3.19
603859,能科科技,核心,工业/研发设计软件,106.91,43.151,2.555,7.4015,0.29,0.9469,53.219707,0.82
002544,普天科技,观望,IT服务/系统集成,106.78,425.203,2.875,17.6517,-12.78,-0.2492,11.937929,-2.2
688258,江苏卓易信息科技,核心,基础软件/数据库/云,106.77,133.545,10.759,1.7759,2.0,1.0624,58.330881,3.38
300377,赢时胜,核心,金融IT,103.49,-1968.571,4.285,6.2954,8.9,-0.7838,32.353841,-2.21
688327,云从科技,核心,AI 原生/智能应用,102.85,-18.315,14.228,1.0026,-40.67,-0.7877,42.815024,5.08
600986,浙文互联,剔除,传媒/广告/电商/零售,102.33,114.667,2.027,43.0851,16.05,-1.3334,8.521438,0.27
002315,焦点科技,核心,垂直行业软件,102.3,15.598,3.699,10.5886,15.17,2.6024,79.101668,-0.95
300378,鼎捷数智,核心,企业管理 ERP/OA,102.27,61.738,4.129,11.0105,5.37,1.8843,55.479476,-2.84
300846,首都在线,剔除,IDC/算力租赁/机房,100.06,-58.395,13.074,6.6517,5.74,-0.3219,17.623507,4.48
002063,远光软件,核心,垂直行业软件,99.99,33.164,2.503,10.6057,0.54,0.7566,49.020358,-3.5
920116,星图测控,观望,软硬一体/垂直信息化,98.6,69.968,16.571,0.9076,-8.49,0.2754,52.739095,-1.83
688262,苏州国芯科技,剔除,芯片/半导体设计,98.25,-37.974,5.121,3.1328,83.66,-0.8186,29.192611,-7.63
603533,掌阅科技,剔除,传媒/广告/电商/零售,98.18,-55.925,4.313,17.8379,16.89,-0.5014,65.634923,-5.27
600446,金证股份,核心,金融IT,97.61,-58.193,2.721,11.3011,-6.43,0.126,41.740091,4.28
603220,中贝通信,观望,IT服务/系统集成,97.51,97.012,2.562,13.5757,-14.32,0.1065,16.677746,-1.37
000555,神州信息,观望,IT服务/系统集成,97.48,170.187,1.781,41.255,-6.73,-2.8292,13.965836,0.74
300768,迪普科技,核心,网络安全,96.96,51.931,2.744,5.3678,-2.52,0.7241,62.335187,-0.03
600640,国脉文化,剔除,嵌入式/电力·轨交·军工硬件,96.25,450.37,2.449,8.7765,0.24,0.1577,18.198493,1.93
300634,彩讯股份,观望,数据/云/算力服务,95.66,32.615,3.154,6.9575,-24.33,0.6873,38.475648,4.9
600718,东软集团,观望,IT服务/系统集成,94.52,-25.484,1.086,43.9566,-6.26,-2.8886,25.324234,-1.21
300682,朗新科技,核心,垂直行业软件,94.24,87.4,1.479,14.824,-3.89,-1.8049,43.833823,-2.22
300624,万兴科技,核心,办公与工具软件,94.23,-103.702,9.796,7.0609,-7.09,-0.6898,86.62505,-5.79
688325,赛微微电子,剔除,芯片/半导体设计,94.1,93.312,5.572,2.4457,11.98,0.3117,52.347219,-1.26
600728,佳都科技,观望,软硬一体/垂直信息化,93.62,53.471,1.185,53.5358,8.83,0.3075,6.96203,-1.29
301248,杰创智能,剔除,嵌入式/电力·轨交·军工硬件,90.55,654.556,5.946,3.4324,8.72,-0.0326,39.260431,5.29
300188,国投智能,核心,网络安全,90.33,-11.549,3.803,4.8573,-12.89,-2.5483,35.330926,-0.96
003010,若羽臣,剔除,传媒/广告/电商/零售,88.5,45.159,11.13,22.856,73.29,1.6745,65.470477,8.55
300031,宝通科技,剔除,游戏,88.36,42.583,2.148,19.6552,22.3,1.92,41.241847,2.3
300895,铜牛信息,剔除,IDC/算力租赁/机房,88.27,-112.914,12.157,1.0827,3.41,-0.3677,-6.154852,-2.67
688083,中望软件,核心,工业/研发设计软件,88.15,433.0,3.381,3.6004,7.93,-0.1725,95.990533,0.86
688252,天德钰科技,剔除,芯片/半导体设计,87.2,37.404,3.477,12.0548,-0.22,1.3802,24.502724,0.1
688227,品高股份,观望,软硬一体/垂直信息化,87.05,-167.391,6.879,1.8168,10.04,0.0442,35.147873,6.25
600654,中安科,剔除,传媒/广告/电商/零售,85.93,160.638,4.569,11.591,-25.41,0.4843,18.143603,2.76
000676,智度股份,剔除,传媒/广告/电商/零售,85.67,60.177,1.988,21.7254,0.32,1.4333,16.14572,0.69
300766,每日互动,核心,AI 原生/智能应用,85.46,-240.556,5.437,2.7177,24.39,-0.1083,60.755934,0.31
600556,天下秀,剔除,传媒/广告/电商/零售,82.07,227.0,2.197,22.5192,22.13,-0.6845,11.986682,-7.15
002212,天融信,核心,网络安全,81.74,107.776,0.881,5.4539,-33.99,-2.7288,59.346881,-8.06
301592,六九一二,剔除,嵌入式/电力·轨交·军工硬件,81.18,152.472,8.745,0.9674,22.64,-0.1882,39.78084,-3.1
002368,太极股份,核心,基础软件/数据库/云,80.9,-10.603,2.175,16.8886,-53.18,-3.5301,27.300779,3.99
301179,泽宇智能,剔除,嵌入式/电力·轨交·军工硬件,80.8,54.0,3.238,4.5822,13.49,0.5899,26.774533,-0.43
002093,国脉科技,观望,软硬一体/垂直信息化,78.28,43.725,2.083,2.4604,-1.57,-0.4149,47.365379,-4.89
002970,锐明技术,剔除,嵌入式/电力·轨交·军工硬件,78.15,19.698,3.546,12.3752,7.09,1.1101,42.095436,-5.82
301339,通行宝,观望,软硬一体/垂直信息化,78.04,35.311,2.773,4.1018,5.34,1.0355,53.452894,4.14
688691,灿芯半导体股份,剔除,芯片/半导体设计,77.22,-69.999,6.567,3.7843,34.29,-0.6106,15.683206,-2.8
300440,运达科技,剔除,嵌入式/电力·轨交·军工硬件,75.7,85.65,4.54,1.7468,-39.49,-0.0916,36.736108,-4.24
688699,明微电子,剔除,芯片/半导体设计,75.56,-156.023,5.891,4.8376,69.26,0.8498,32.967976,8.12
300348,长亮科技,核心,金融IT,75.06,363.78,3.557,8.3675,25.92,-0.4465,26.957811,-4.99
688479,用友汽车信息科技,核心,垂直行业软件,74.93,124.067,4.056,2.0333,-6.52,0.1166,31.625351,-1.56
603123,翠微股份,剔除,传媒/广告/电商/零售,74.84,-14.641,4.714,9.6638,-13.68,-0.7204,24.003585,3.04
300872,天阳科技,核心,金融IT,73.95,-52.241,2.068,9.6388,-3.29,0.6002,24.674814,-0.26
300098,高新兴,剔除,嵌入式/电力·轨交·军工硬件,73.68,-212.0,2.77,9.6623,7.76,0.3283,34.54085,-2.71
300959,线上线下,剔除,传媒/广告/电商/零售,73.17,-650.286,6.633,1.922,-42.4,-0.0419,8.695834,-5.42
301085,亚康股份,剔除,IDC/算力租赁/机房,72.88,-50.903,7.477,8.253,36.92,0.4962,16.937205,-0.63
688191,智洋创新科技,观望,软硬一体/垂直信息化,72.32,81.667,8.643,4.0906,-11.57,-0.4592,22.635202,-9.45
300300,海峡创新,观望,软硬一体/垂直信息化,72.09,51.476,29.02,0.7825,7.6,-0.3136,-0.658717,-1.31
300369,绿盟科技,核心,网络安全,71.74,-156.915,2.823,8.1258,1.51,-1.2902,54.761003,-4.57
300520,科大国创,核心,工业/研发设计软件,69.71,-37.889,4.241,4.1925,-15.81,-1.0762,22.122585,-15.21
300785,值得买,剔除,传媒/广告/电商/零售,69.16,79.045,3.576,6.1938,6.43,0.0902,43.621495,-5.58
002605,姚记科技,剔除,游戏,68.64,14.643,1.825,13.2217,-8.07,2.1613,40.90471,-3.75
301162,国能日新,核心,垂直行业软件,68.58,35.317,4.234,3.5167,9.66,0.7012,63.699291,2.33
688365,光云科技,核心,基础软件/数据库/云,68.5,-267.833,7.106,3.0213,15.13,0.1164,73.069012,3.05
300168,万达信息,观望,数据/云/算力服务,67.57,-11.725,7.361,10.2576,9.94,-1.4997,21.252997,5.66
300493,润欣科技,剔除,芯片/半导体设计,67.35,119.455,5.638,13.8251,1.79,0.4623,9.584197,-0.33
920493,并行科技,观望,数据/云/算力服务,67.05,527.048,12.243,9.4627,106.76,0.4193,19.161123,-4.1
600797,浙大网新,观望,IT服务/系统集成,66.89,-130.2,2.074,14.7215,-5.91,-0.5948,18.084085,0.48
300598,诚迈科技,观望,IT服务/系统集成,66.77,-64.426,4.654,10.7774,5.8,-0.2193,12.383017,-0.34
300467,迅游科技,剔除,游戏,66.41,251.385,10.187,1.4621,1.91,0.0988,61.230243,3.44
300324,旋极信息,观望,IT服务/系统集成,66.34,-14.076,2.806,6.1032,-41.93,-1.4082,21.836085,8.79
002467,二六三,剔除,传媒/广告/电商/零售,66.29,-22.952,4.287,4.4223,14.97,-0.1925,35.215284,-9.11
300226,上海钢联,剔除,传媒/广告/电商/零售,66.28,25.866,2.885,385.2076,19.87,1.2465,1.377918,-0.05
000503,国新健康,观望,数据/云/算力服务,66.2,-16.384,5.923,1.0154,6.29,-1.0227,-14.570032,0.63
002421,达实智能,观望,软硬一体/垂直信息化,65.95,-10.097,2.43,10.9166,10.24,-0.182,25.615183,0.84
920799,艾融软件,核心,基础软件/数据库/云,65.67,101.29,16.791,2.4521,21.67,0.0749,27.658101,-4.65
002380,科远智慧,观望,软硬一体/垂直信息化,64.85,46.586,2.624,10.83,10.46,1.6207,41.129351,1.98
002298,中电鑫龙,剔除,嵌入式/电力·轨交·军工硬件,63.35,-15.018,3.391,8.082,-15.9,0.4366,26.764953,3.24
300075,数字政通,核心,垂直行业软件,62.98,-16.623,1.992,3.25,1.12,-0.0573,38.298421,3.93
300579,数字认证,观望,数据/云/算力服务,62.72,-66.504,8.326,3.4011,4.52,-0.4867,50.377959,9.07
300678,中科信息,观望,数据/云/算力服务,62.66,437.681,7.425,2.3371,65.11,0.0562,16.189006,-13.27
002123,梦网科技,剔除,传媒/广告/电商/零售,62.34,-28.667,4.246,11.2278,-27.04,-0.9741,11.241108,-1.33
688631,莱斯信息,剔除,嵌入式/电力·轨交·军工硬件,61.33,110.353,3.314,3.3081,-27.56,-0.3813,40.066416,13.42
300249,依米康,剔除,IDC/算力租赁/机房,61.02,190.961,9.402,9.1885,24.71,0.2099,16.087146,-0.38
301153,中科江南,核心,垂直行业软件,60.61,58.759,3.345,2.6731,11.26,-0.1497,50.158896,-3.53
002232,启明信息,观望,软硬一体/垂直信息化,60.47,185.696,4.26,3.5553,7.76,0.1541,24.630737,-2.34
300292,吴通控股,剔除,传媒/广告/电商/零售,60.38,50.0,4.017,21.0183,-6.61,0.7531,11.853317,1.81
000409,云鼎科技,观望,软硬一体/垂直信息化,59.91,71.233,3.6,5.3146,-16.89,0.3714,30.348373,-0.48
300925,法本信息,观望,IT服务/系统集成,59.33,55.36,2.638,28.8358,24.58,0.4082,16.602934,-1.16
688225,亚信安全,核心,网络安全,58.92,-12.772,4.042,27.3664,-12.4,-2.5532,30.190691,-5.84
002264,新华都,剔除,传媒/广告/电商/零售,58.52,33.875,2.79,21.6183,16.32,1.4166,19.427056,-3.09
603990,麦迪科技,核心,垂直行业软件,58.36,147.077,6.935,1.2316,-8.91,0.0663,60.13845,-3.55
300525,博思软件,核心,垂直行业软件,58.1,33.741,2.395,6.5126,-7.76,-0.4792,65.335983,-0.22
300047,天源迪科,观望,IT服务/系统集成,57.91,188.773,1.748,46.7474,12.71,0.329,7.032118,-1.54
300792,壹网壹创,剔除,传媒/广告/电商/零售,57.82,54.067,1.945,4.304,-19.24,0.6629,33.445841,3.65
688562,航天软件股份,核心,基础软件/数据库/云,57.72,-481.0,3.549,2.7314,-15.47,-0.9951,21.745178,-1.33
301218,华是科技,观望,软硬一体/垂直信息化,57.29,-215.808,6.317,2.1069,8.83,-0.146,16.076913,1.88
688228,开普云信息科技,观望,软硬一体/垂直信息化,57.04,-496.706,4.706,1.1707,-26.73,-0.1895,35.506947,-5.44
688109,品茗科技,核心,垂直行业软件,57.0,122.525,7.389,1.5865,-15.38,0.0182,71.310264,-4.18
002279,久其软件,核心,垂直行业软件,56.65,125.143,3.85,6.0918,-28.81,-0.2491,57.576827,18.14
688232,国泰新点软件,核心,垂直行业软件,56.19,158.636,1.073,5.7224,-14.58,-0.6316,58.946781,-0.82
688173,希荻微电子,剔除,芯片/半导体设计,55.9,-48.071,3.728,5.2874,13.35,-0.3038,28.768438,-0.63
603383,顶点软件,核心,金融IT,55.1,30.839,3.799,2.4791,0.97,0.7207,71.011058,0.98
002530,金财互联,核心,金融IT,54.78,87.875,4.042,6.0759,29.94,0.4347,31.993808,-1.08
688787,海天瑞声,核心,AI 原生/智能应用,54.23,374.583,7.421,1.9188,22.45,0.0977,49.098403,-1.07
300043,星辉娱乐,剔除,游戏,54.12,18.125,3.131,5.1719,-54.43,0.9247,61.089344,1.87
002649,博彦科技,观望,IT服务/系统集成,54.06,50.778,1.309,31.0783,-7.13,0.7035,22.474841,0.55
300451,创业慧康,核心,垂直行业软件,53.44,-13.269,1.4,4.5469,-21.15,-1.9715,34.701699,-16.75
688095,福昕软件开发,核心,办公与工具软件,52.48,171.054,2.011,4.7097,11.44,0.1396,91.584005,-0.41
603887,城地香江,剔除,IDC/算力租赁/机房,52.08,-77.648,1.48,14.7312,14.59,-0.0645,16.582,-0.62
301556,托普云农,核心,垂直行业软件,51.94,48.72,5.154,2.3628,-5.41,0.4334,48.999831,1.24
300183,东软载波,剔除,芯片/半导体设计,51.44,492.035,1.668,4.1484,-17.72,-0.2901,27.194966,-2.52
300523,辰安科技,观望,软硬一体/垂直信息化,51.2,-23.168,5.507,5.7696,3.45,-0.5894,33.028362,-5.87
000948,南天信息,剔除,嵌入式/电力·轨交·军工硬件,51.11,140.364,1.869,42.0579,-8.17,0.1312,9.768852,0.33
002777,久远银海,核心,垂直行业软件,51.11,65.895,3.053,4.3692,-0.55,0.2682,42.301646,-1.68
300287,飞利信,观望,IT服务/系统集成,51.1,-32.364,5.321,1.2715,-39.57,-0.5881,15.960311,2.42
688207,格灵深瞳,核心,AI 原生/智能应用,51.07,-27.014,2.069,0.5042,18.72,-0.9501,32.674292,-23.77
300518,新迅达,剔除,工程/运维/非软商业模式,50.99,-48.245,8.247,0.8025,-7.39,-0.5697,26.27526,9.69
300559,佳发教育,观望,软硬一体/垂直信息化,50.82,159.0,4.331,1.4937,-45.37,0.2289,49.509804,1.45
002657,中科金财,观望,IT服务/系统集成,50.52,-46.228,3.167,3.0923,15.73,-1.4323,14.911871,-6.32
002609,捷顺科技,剔除,嵌入式/电力·轨交·军工硬件,50.25,78.492,2.108,8.1735,9.91,0.4283,37.938557,-1.16
