市场,代码,名称,东财一级行业,东财细分行业,证监会行业,注册/登记地址,办公地址,区/园区,港股通,口径
A股,000007,全新好,交运设备,汽车-汽车销售,房地产业-房地产业,广东省深圳市福田区华强北街道福强社区华强北路1078号现代之窗A座25层,深圳市福田区福田街道深南中路3031号汉国城市商业中心5507-09,福田区,,注册地在深圳
A股,000010,*ST美丽,建筑,基础建设-其他基础建设,建筑业-土木工程建筑业,深圳市宝安中心区宝兴路6号海纳百川总部大厦B座B1701-B1703室,广东省深圳市宝安区新安街道海旺社区宝兴路6号海纳百川总部大厦B座1701-1703室,—,,注册地在深圳
A股,000012,南玻A,建材,玻璃-玻璃,制造业-非金属矿物制品业,中国深圳市蛇口工业六路一号南玻大厦,广东省深圳市蛇口工业六路一号南玻大厦,—,,注册地在深圳
A股,000016,*ST康佳A,电子设备,消费电子设备-消费电子设备,制造业-计算机、通信和其他电子设备制造业,深圳市南山区粤海街道科技园科技南十二路28号康佳研发大厦15-24层,深圳市南山区粤海街道科技园科技南十二路28号康佳研发大厦15-24层,南山区,,注册地在深圳
A股,000017,深中华A,轻工制造,珠宝首饰-珠宝首饰,制造业-文教、工美、体育和娱乐用品制造业,深圳市罗湖区布心路3008号,深圳市罗湖区翠竹街道贝丽北路89号水贝金座大厦8楼,罗湖区,,注册地在深圳
A股,000019,深粮控股,商贸零售,贸易-贸易,批发和零售业-批发业,深圳市南山区粤海街道学府路科技园南区软件产业基地4栋B座8层,深圳市福田区福虹路9号世贸广场A座13楼,南山区,,注册地在深圳
A股,000020,深华发A,电子设备,电子器件-显示器件,制造业-计算机、通信和其他电子设备制造业,中国广东省深圳市福田区华发北路411栋,深圳市福田区华发北路411栋华发大厦东座6楼,福田区,,注册地在深圳
A股,000021,深科技,信息技术,计算机硬件-PC、服务器及硬件,制造业-计算机、通信和其他电子设备制造业,深圳市福田区彩田路7006号,广东省深圳市福田区彩田路7006号,福田区,,注册地在深圳
A股,000025,特力A,轻工制造,珠宝首饰-珠宝首饰,批发和零售业-批发业,深圳市罗湖区水贝二路五十六号特力大厦三楼,深圳市罗湖区水贝二路五十六号特力大厦三、四楼,罗湖区,,注册地在深圳
A股,000026,飞亚达,轻工制造,珠宝首饰-珠宝首饰,批发和零售业-零售业,深圳市南山区高新南一道飞亚达科技大厦,广东省深圳市南山区高新南一道飞亚达科技大厦20楼,南山区,,注册地在深圳
A股,000027,深圳能源,公用事业,电力-火电,电力、热力、燃气及水生产和供应业-电力、热力生产和供应业,深圳市福田区福田街道金田路2026号能源大厦北塔楼9层、29-31层、34-41层,深圳市福田区福田街道金田路2026号能源大厦北塔楼9层、29-31层、34-41层,福田区,,注册地在深圳
A股,000028,国药一致,医药生物,医药商业-医药商业,批发和零售业-批发业,广东省深圳市福田区八卦四路15号一致药业大厦,"广东省深圳市福田区园岭街道八卦四路15号一致药业大厦,广东省广州市荔湾区站前路22号医药大厦11楼",福田区,,注册地在深圳
A股,000032,深桑达A,建筑,建筑施工-专业工程,建筑业-建筑安装业,广东省深圳市南山区科技园科技路1号桑达科技大厦15-17层,广东省深圳市南山区科技园科技路1号桑达科技大厦15-17楼,南山区,,注册地在深圳
A股,000034,神州数码,信息技术,计算机软件-其他软件服务,批发和零售业-批发业,深圳市南山区沙河街道东方社区深湾二路82号神州数码国际创新中心东塔3801,北京市海淀区上地九街九号数码科技广场,南山区,,注册地在深圳
A股,000037,深南电A,公用事业,电力-火电,电力、热力、燃气及水生产和供应业-电力、热力生产和供应业,广东省深圳市南山区月亮湾大道2097号,广东省深圳市南山区华侨城汉唐大厦16、17楼,南山区,,注册地在深圳
A股,000039,中集集团,交运设备,其他交运设备-其他交运设备,制造业-金属制品业,中国广东省深圳市南山区蛇口港湾大道2号中集集团研发中心8楼,"中国广东省深圳市南山区蛇口港湾大道2号中集集团研发中心8楼,香港德辅道中199号无限极广场3101-2室",南山区,,注册地在深圳
A股,000045,深纺织A,电子设备,电子器件-显示器件,制造业-计算机、通信和其他电子设备制造业,深圳市前海深港合作区南山街道恒升街2号中国国有资本风投大厦A塔A3604,深圳市福田区华强北路3号深纺大厦A座六楼,前海深港合作区,,注册地在深圳
A股,000048,京基智农,农林牧渔,畜牧业-养殖,农、林、牧、渔业-畜牧业,深圳市罗湖区桂园街道老围社区蔡屋围京基一百大厦A座7101,深圳市罗湖区桂园街道老围社区蔡屋围京基一百大厦A座7101,罗湖区,,注册地在深圳
A股,000049,德赛电池,电气设备,电源设备-储能设备,制造业-电气机械和器材制造业,深圳市南山区高新科技园南区高新南一道德赛科技大厦东座26楼,广东省深圳市南山区高新科技园南区高新南一道德赛科技大厦东座26楼,南山区,,注册地在深圳
A股,000050,深天马A,电子设备,电子器件-显示器件,制造业-计算机、通信和其他电子设备制造业,深圳市龙华区民治街道北站社区留仙大道天马大厦1918,深圳市龙华区民治街道北站社区天马总部大厦,龙华区,,注册地在深圳
A股,000055,方大集团,建材,其他建材-其他建材,制造业-金属制品业,深圳市南山区粤海街道高新区社区科技南十二路011号方大大厦20层,深圳市南山区龙珠四路2号方大城T1栋39层,南山区,,注册地在深圳
A股,000056,*ST皇庭,商贸零售,商业物业经营-一般物业经营,租赁和商务服务业-商务服务业,深圳市福田区福田街道岗厦社区福华路350号岗厦皇庭大厦28A01单元,深圳市福田区福田街道岗厦社区福华路350号岗厦皇庭大厦28A01单元,福田区,,注册地在深圳
A股,000058,深赛格,商贸零售,商业物业经营-专业市场,租赁和商务服务业-商务服务业,深圳市福田区华强北路群星广场A座31楼,广东省深圳市福田区华强北路群星广场A座31楼,福田区,,注册地在深圳
A股,000060,中金岭南,有色金属,基本金属-铅锌,制造业-有色金属冶炼和压延加工业,深圳市罗湖区清水河街道清水河社区清水河一路112号深业进元大厦塔楼2座303C,深圳市福田区深南大道6013号中国有色大厦23-26楼,罗湖区,,注册地在深圳
A股,000061,农产品,商贸零售,商业物业经营-专业市场,租赁和商务服务业-商务服务业,深圳市光明区马田街道根竹园社区公明南环大道1688号海吉星农产品光明物流园2栋8层,广东省深圳市福田区深南大道7028号时代科技大厦13楼,光明区,,注册地在深圳
A股,000062,深圳华强,电子设备,电子元件-电子元件,批发和零售业-批发业,深圳市福田区梅林街道梅丰社区北环大道6018号华强科创广场1栋43楼,深圳市福田区梅林街道梅丰社区北环大道6018号华强科创广场1栋43楼,福田区,,注册地在深圳
A股,000063,中兴通讯,信息技术,通信设备-通信传输设备,制造业-计算机、通信和其他电子设备制造业,中国广东省深圳市南山区高新技术产业园科技南路中兴通讯大厦,中国广东省深圳市南山区高新技术产业园科技南路中兴通讯大厦,南山区,,注册地在深圳
A股,000066,中国长城,信息技术,计算机硬件-PC、服务器及硬件,制造业-计算机、通信和其他电子设备制造业,广东省深圳市南山区粤海街道科技园社区科发路3号中电长城大厦A-2401,深圳市南山区科技园中电长城大厦,南山区,,注册地在深圳
A股,000068,华控赛格,商贸零售,贸易-贸易,批发和零售业-批发业,深圳市大工业区兰竹大道以北CH3主厂房,深圳市福田区太平金融大厦29楼,—,,注册地在深圳
A股,000069,华侨城A,休闲、生活及专业服务,休闲服务-旅游服务,房地产业-房地产业,深圳市南山区华侨城指挥部大楼103、105、107、111、112室,广东省深圳市南山区华侨城大厦,南山区,,注册地在深圳
A股,000070,特发信息,信息技术,通信设备-通信传输设备,制造业-计算机、通信和其他电子设备制造业,深圳市南山区高新区中区科丰路2号特发信息港大厦B栋18楼,广东省深圳市南山区高新区中区科丰路2号特发信息港大厦B栋18楼,南山区,,注册地在深圳
A股,000078,ST海王,医药生物,医药商业-医药商业,批发和零售业-批发业,深圳市南山区科技中三路1号海王银河科技大厦24楼,广东省深圳市南山区科技园科技中三路1号海王银河科技大厦24楼,南山区,,注册地在深圳
A股,000088,盐田港,交通运输,港口航运-港口,交通运输、仓储和邮政业-水上运输业,深圳市盐田区盐田港海港大厦17-20层,深圳市盐田区盐田港海港大厦十七层至十九层,盐田区,,注册地在深圳
A股,000089,深圳机场,交通运输,航空机场-机场,交通运输、仓储和邮政业-航空运输业,深圳市宝安区宝安机场T3商务区配套写字楼A栋,深圳市宝安区宝安机场T3商务区配套写字楼A栋,宝安区,,注册地在深圳
A股,000096,广聚能源,化石能源,石油天然气-石油天然气贸易,批发和零售业-批发业,广东省深圳市南山区粤海街道海德三道199号天利中央商务广场A座22楼2201-2212,深圳市南山区粤海街道海德三道199号天利中央商务广场A座22楼,南山区,,注册地在深圳
A股,000099,中信海直,交通运输,航空机场-航空,交通运输、仓储和邮政业-航空运输业,深圳市罗湖区清水河街道清水河社区清水河一路112号罗湖投资控股大厦塔楼2座901,广东省深圳市南山区南海大道3533号深圳直升机场,罗湖区,,注册地在深圳
A股,000555,神州信息,信息技术,计算机软件-其他软件服务,信息传输、软件和信息技术服务业-软件和信息技术服务业,深圳市南山区沙河街道东方社区深湾二路82号神州数码国际创新中心东塔3905,北京市海淀区西北旺东路10号院东区18号楼神州信息大厦,南山区,,注册地在深圳
A股,000999,华润三九,医药生物,化学制药-化学制剂,制造业-医药制造业,深圳市龙华区观湖街道观澜高新园区观清路1号,深圳市龙华区观湖街道观澜高新园区观清路1号,龙华区,,注册地在深圳
A股,001232,嘉立创,电子设备,电子设备制造-电子设备制造,制造业-计算机、通信和其他电子设备制造业,深圳市福田区莲花街道景华社区商报路2号奥林匹克大厦27层,,福田区,,注册地在深圳
A股,001283,豪鹏科技,电气设备,电源设备-储能设备,制造业-电气机械和器材制造业,深圳市龙岗区平湖街道新厦大道68号第一栋,深圳市龙岗区平湖街道新厦大道68号第一栋,龙岗区,,注册地在深圳
A股,001287,中电港,商贸零售,贸易-贸易,批发和零售业-批发业,深圳市前海深港合作区南山街道自贸西街151号招商局前海经贸中心一期A座2001,"深圳市南山区桃源街道留仙大道3333号塘朗城西区A座23-25层,深圳市前海深港合作区南山街道自贸西街151号招商局前海经贸中心一期A座20层",前海深港合作区,,注册地在深圳
A股,001298,好上好,电子设备,电子元件-电子元件,批发和零售业-批发业,深圳市前海深港合作区南山街道梦海大道5109号前海卓越金融中心(一期)8号楼1506A(一照多址企业),广东省深圳市南山区粤海街道高新区社区高新南一道002号飞亚达科技大厦1503,前海深港合作区,,注册地在深圳
A股,001308,康冠科技,电子设备,消费电子设备-消费电子设备,制造业-计算机、通信和其他电子设备制造业,深圳市龙岗区坂田街道岗头社区五和大道4023号1号楼第一层至第五层,深圳市龙岗区坂田街道岗头社区五和大道4023号1号楼第一层至第五层,龙岗区,,注册地在深圳
A股,001309,德明利,电子设备,半导体-集成电路,制造业-计算机、通信和其他电子设备制造业,深圳市福田区梅林街道梅都社区中康路136号深圳新一代产业园1栋2301、2401、2501,深圳市福田区梅林街道梅都社区中康路136号深圳新一代产业园1栋2401,福田区,,注册地在深圳
A股,001314,亿道信息,电子设备,电子设备制造-电子设备制造,制造业-计算机、通信和其他电子设备制造业,深圳市宝安区新安街道上合社区33区大宝路83号美生慧谷科技园秋谷8栋509(一照多址企业),深圳市坪山区龙田街道老坑社区光科一路8号亿道大厦1栋,宝安区,,注册地在深圳
A股,001316,润贝航科,商贸零售,贸易-贸易,批发和零售业-批发业,深圳市南山区桃源街道福光社区塘朗车辆段旁塘朗城广场(西区)A座3901,深圳市南山区桃源街道福光社区塘朗车辆段旁塘朗城广场(西区)A座3901,南山区,,注册地在深圳
A股,001326,联域股份,家电,照明设备-照明设备,制造业-电气机械和器材制造业,深圳市宝安区燕罗街道罗田社区象山大道172号正大安工业城6栋101-601,深圳市宝安区燕罗街道罗田社区象山大道172号正大安工业城6栋101-601,宝安区,,注册地在深圳
A股,001339,智微智能,电子设备,电子设备制造-电子设备制造,制造业-计算机、通信和其他电子设备制造业,深圳市福田区车公庙泰然九路海松大厦B-1303,深圳市南山区西丽街道兴科路66号乐普大厦东塔23层,福田区,,注册地在深圳
A股,001399,惠科股份,电子设备,半导体-半导体材料,制造业-计算机、通信和其他电子设备制造业,"深圳市宝安区石岩街道石龙社区工业二路1号惠科工业园厂房1栋一层至三层、五至七层,6栋七层",,宝安区,,注册地在深圳
A股,001872,招商港口,交通运输,港口航运-港口,交通运输、仓储和邮政业-水上运输业,深圳市南山区招商街道工业三路一号招商局港口大厦23-25楼,中国深圳市南山区招商街道工业三路一号招商局港口大厦23-25楼,南山区,,注册地在深圳
A股,002008,大族激光,电子设备,电子设备制造-电子设备制造,制造业-专用设备制造业,深圳市南山区深南大道9988号,"广东省深圳市南山区深南大道9988号大族科技中心,广东省深圳市宝安区重庆路12号大族激光全球智造中心",南山区,,注册地在深圳
A股,002047,宝鹰股份,建筑,装修装饰-装修装饰,建筑业-建筑装饰、装修和其他建筑业,深圳市南山区粤海街道科技园社区科苑路8号讯美科技广场2号楼810,"深圳市南山区科苑南路3176号彩讯科技大厦703,705",南山区,,注册地在深圳
A股,002052,同洲电子,电气设备,电源设备-其他电源设备,制造业-计算机、通信和其他电子设备制造业,深圳市南山区粤海街道科技园社区科苑路6号科技园工业大厦C588,深圳市宝安区新安街道龙井社区建安一路9号恒明珠金融大厦东座9楼902-904,南山区,,注册地在深圳
A股,002055,ST得润,电子设备,电子设备制造-电子设备制造,制造业-计算机、通信和其他电子设备制造业,深圳市光明区凤凰街道汇通路269号得润电子工业园,深圳市光明区凤凰街道朝凤路366号得润大厦,光明区,,注册地在深圳
A股,002105,信隆健康,交运设备,其他交运设备-其他交运设备,制造业-铁路、船舶、航空航天和其他运输设备制造业,深圳市宝安区松岗街道碧头社区碧腾路1号,广东省深圳市宝安区松岗街道碧头社区碧腾路1号,宝安区,,注册地在深圳
A股,002106,莱宝高科,电子设备,电子器件-显示器件,制造业-计算机、通信和其他电子设备制造业,深圳市南山区西丽街道高新北二道29号,深圳市光明区凤凰街道东坑社区光源四路9号101,南山区,,注册地在深圳
A股,002121,科陆电子,电气设备,输变电设备-电气仪表,制造业-仪器仪表制造业,深圳市光明区玉塘街道玉塘社区科陆智慧能源产业园5A101,深圳市南山区高新技术产业园北区宝深路科陆大厦,光明区,,注册地在深圳
A股,002130,沃尔核材,电子设备,电子器件-其他电子器件,制造业-计算机、通信和其他电子设备制造业,深圳市坪山区龙田街道兰景北路沃尔工业园,深圳市坪山区龙田街道兰景北路沃尔工业园,坪山区,,注册地在深圳
A股,002137,实益达,电子设备,电子设备制造-电子设备制造,制造业-电气机械和器材制造业,深圳市龙岗区宝龙工业城宝龙六路实益达科技园,深圳市龙岗区宝龙街道宝龙社区锦龙一路10号实益达锦龙厂区,龙岗区,,注册地在深圳
A股,002138,顺络电子,电子设备,电子元件-电子元件,制造业-计算机、通信和其他电子设备制造业,深圳市龙华区观澜街道大富苑工业区顺络观澜工业园,广东省深圳市龙华区观澜街道大富苑工业区顺络观澜工业园,龙华区,,注册地在深圳
A股,002139,拓邦股份,电子设备,电子设备制造-电子设备制造,制造业-电气机械和器材制造业,深圳市宝安区石岩街道塘头社区永腾三路1号拓邦工业园,深圳市宝安区石岩街道塘头社区永腾三路1号拓邦工业园,宝安区,,注册地在深圳
A股,002161,远望谷,电子设备,电子设备制造-电子设备制造,制造业-计算机、通信和其他电子设备制造业,深圳市南山区粤海街道高新南十道63号高新区联合总部大厦27、28楼,深圳市南山区粤海街道高新区社区科技南五路005号远望谷大厦5楼,南山区,,注册地在深圳
A股,002163,海南发展,建筑,装修装饰-装修装饰,建筑业-建筑装饰、装修和其他建筑业,深圳市南山区粤海街道滨海社区海天一路11、13、15号深圳市软件产业基地5栋E1101,"海南省海口市美兰区国兴大道3号互联网金融大厦C座13层,深圳市南山区滨海大道深圳市软件产业基地5栋E座11楼",南山区,,注册地在深圳
A股,002170,芭田股份,基础化工,化肥农药-复合肥,制造业-化学原料和化学制品制造业,深圳市南山区高新技术园学府路63号联合总部大厦30-31楼,深圳市南山区高新技术园学府路63号联合总部大厦30、31楼,南山区,,注册地在深圳
A股,002183,怡亚通,商贸零售,贸易-贸易,租赁和商务服务业-商务服务业,深圳市宝安区新安街道海滨社区滨港二路31号怡亚通大厦906,深圳市宝安区新安街道海滨社区滨港二路31号怡亚通大厦906,宝安区,,注册地在深圳
A股,002191,劲嘉股份,轻工制造,造纸印刷-包装印刷,制造业-印刷和记录媒介复制业,深圳市南山区科技中二路劲嘉科技大厦18-19层,深圳市南山区科技中二路劲嘉科技大厦18-19层,南山区,,注册地在深圳
A股,002197,证通电子,信息技术,计算机软件-其他软件服务,信息传输、软件和信息技术服务业-软件和信息技术服务业,深圳市光明区玉塘街道田寮社区同观大道3号证通电子产业园二期-101,深圳市光明区玉塘街道田寮社区同观大道3号证通电子产业园,光明区,,注册地在深圳
A股,002210,飞马国际,公用事业,环保-环保,租赁和商务服务业-商务服务业,深圳市南山区粤海街道海珠社区文心五路11号汇通大厦11B,深圳市南山区粤海街道海珠社区文心五路11号汇通大厦11B,南山区,,注册地在深圳
A股,002213,大为股份,电子设备,半导体-半导体分立器件,制造业-计算机、通信和其他电子设备制造业,深圳市南山区粤海街道高新区社区科技南路18号深圳湾科技生态园12栋A1406,深圳市南山区粤海街道高新区社区科技南路18号深圳湾科技生态园12栋A1406,南山区,,注册地在深圳
A股,002215,诺普信,基础化工,化肥农药-农药,制造业-化学原料和化学制品制造业,深圳市宝安区西乡水库路113号,广东省深圳市宝安区西乡水库路113号,宝安区,,注册地在深圳
A股,002218,拓日新能,电气设备,电源设备-太阳能,制造业-电气机械和器材制造业,深圳市南山区侨城北路香年广场[南区]主楼(A座)栋—座8层802-804号房,深圳市南山区侨香路香年广场A栋8楼,南山区,,注册地在深圳
A股,002227,*ST特迅,电气设备,电源设备-储能设备,制造业-电气机械和器材制造业,深圳市南山区高新技术产业园北区松坪山路3号奥特迅电力大厦,深圳市南山区高新技术产业园北区松坪山路3号奥特迅电力大厦,南山区,,注册地在深圳
A股,002238,天威视讯,文化传媒,广播电视-有线电视,信息传输、软件和信息技术服务业-电信、广播电视和卫星传输服务,深圳市福田区彩田路6001号,广东省深圳市福田区彩田路6001号,福田区,,注册地在深圳
A股,002243,力合科创,轻工制造,造纸印刷-包装印刷,制造业-橡胶和塑料制品业,深圳市龙岗区龙岗大道(坪地段)1001号,深圳市南山区科技园北区新东路1号清华信息港科研楼十楼,龙岗区,,注册地在深圳
A股,002256,兆新股份,基础化工,化学制品-涂料涂漆,电力、热力、燃气及水生产和供应业-电力、热力生产和供应业,深圳市南山区粤海街道高新区社区科技南路18号深圳湾科技生态园12栋B3401,深圳市南山区粤海街道高新区社区科技南路18号深圳湾科技生态园12栋B座34层,南山区,,注册地在深圳
A股,002289,宇顺电子,电子设备,电子器件-显示器件,制造业-计算机、通信和其他电子设备制造业,深圳市南山区粤海街道深圳市软件产业基地1栋A座13层1302,深圳市南山区科苑南路2233号深圳湾1号T1座21楼,南山区,,注册地在深圳
A股,002294,信立泰,医药生物,化学制药-化学制剂,制造业-医药制造业,深圳市福田区福保街道福保社区红柳道2号289数字半岛4层A区,深圳市福田区深南大道6009号车公庙绿景广场主楼(B座)37层,福田区,,注册地在深圳
A股,002301,齐心集团,轻工制造,文娱用品-文化用品,制造业-文教、工美、体育和娱乐用品制造业,深圳市坪山区锦绣东路18号齐心科技园,广东省深圳市坪山新区坑梓锦绣中路18号齐心科技园行政楼,坪山区,,注册地在深圳
A股,002303,美盈森,轻工制造,造纸印刷-包装印刷,制造业-造纸和纸制品业,深圳市光明新区光明新陂头村美盈森厂区A栋,广东省深圳市光明新区光明新陂头村美盈森厂区A栋,光明新区,,注册地在深圳
A股,002313,日海智能,信息技术,通信设备-通信终端设备,制造业-计算机、通信和其他电子设备制造业,深圳市南山区大新路198号马家龙创新大厦17层1701,深圳市南山区大新路198号马家龙创新大厦17层,南山区,,注册地在深圳
A股,002327,富安娜,纺织服装,服装家纺-家纺,制造业-纺织业,深圳市南山区创业南南油大道西路自行车加工厂1栋,深圳市龙华区清丽路2号富安娜龙华总部大厦,南山区,,注册地在深圳
A股,002334,英威腾,电气设备,其他电气设备-其他电气设备,制造业-电气机械和器材制造业,深圳市南山区桃源街道长源社区学苑大道1001号南山智园A7栋501,深圳市光明区马田街道松白路英威腾光明科技大厦,南山区,,注册地在深圳
A股,002340,格林美,电气设备,电源设备-其他电源设备,制造业-废弃资源综合利用业,深圳市宝安区新安街道海旺社区宝兴路88号星通大厦4301,深圳市宝安区新安街道海旺社区宝兴路88号星通大厦43楼,宝安区,,注册地在深圳
A股,002351,漫步者,电子设备,消费电子设备-消费电子设备,制造业-计算机、通信和其他电子设备制造业,深圳市南山区西丽街道松坪山社区朗山路13号清华紫光科技园3层A302室,深圳市南山区西丽街道松坪山社区朗山路13号清华紫光科技园3层A302室,南山区,,注册地在深圳
A股,002352,顺丰控股,交通运输,物流-物流,交通运输、仓储和邮政业-邮政业,深圳市宝安区航城街道草围社区深圳机场航站四路1111号顺丰华南转运中心综合楼三层,中国广东省深圳市南山区科技南一路深投控创智天地大厦B座,宝安区,,注册地在深圳
A股,002356,鹏飞绿能,化石能源,石油天然气-石油天然气贸易,批发和零售业-零售业,广东省深圳市南山区后海滨路泰伦广场A座2203,深圳市南山区粤海街道海珠社区后海滨路3288号联想后海中心A2203,南山区,,注册地在深圳
A股,002369,卓翼科技,电子设备,电子设备制造-电子设备制造,制造业-计算机、通信和其他电子设备制造业,深圳市南山区南头街道马家龙社区大新路198号创新大厦B栋1201,深圳市南山区南头街道大新路198号创新大厦B座12-14楼,南山区,,注册地在深圳
A股,002399,海普瑞,医药生物,生物医药-生物医药,制造业-医药制造业,深圳市南山区松坪山郎山路21号,深圳市南山区松坪山郎山路21号,南山区,,注册地在深圳
A股,002402,和而泰,电子设备,电子设备制造-电子设备制造,制造业-计算机、通信和其他电子设备制造业,深圳市南山区高新南区科技南十路6号深圳航天科技创新研究院大厦D座10楼1010-1011,广东省深圳市南山区高新南区科技南十路6号深圳航天科技创新研究院大厦D座10楼1010-1011,南山区,,注册地在深圳
A股,002416,爱施德,电子设备,消费电子设备-消费电子设备,批发和零售业-批发业,深圳市福田区泰然大道东泰然劲松大厦20F,深圳市南山区科发路83号南山金融大厦18层,福田区,,注册地在深圳
A股,002419,天虹股份,商贸零售,零售-百货,批发和零售业-零售业,深圳市南山区中心路(深圳湾段)3019号天虹大厦9-14楼、17-20楼,广东省深圳市南山区中心路(深圳湾段)3019号天虹大厦9-14楼、17-20楼,南山区,,注册地在深圳
A股,002421,达实智能,信息技术,计算机软件-行业应用软件,信息传输、软件和信息技术服务业-软件和信息技术服务业,广东省深圳市南山区粤海街道高新区社区科技南一路28号达实大厦1201,广东省深圳市南山区粤海街道高新区社区科技南一路28号达实大厦,南山区,,注册地在深圳
A股,002429,兆驰股份,家电,视听器材-视听器材,制造业-计算机、通信和其他电子设备制造业,深圳市龙岗区南湾街道下李朗社区李朗路一号兆驰创新产业园,深圳市龙岗区布澜路128号兆驰集团大厦B座,龙岗区,,注册地在深圳
A股,002436,兴森科技,电子设备,电子元件-电子元件,制造业-计算机、通信和其他电子设备制造业,深圳市南山区粤海街道沙河西路与白石路交汇处深圳湾科技生态园一区2栋A座8-9层,深圳市南山区粤海街道沙河西路与白石路交汇处深圳湾科技生态园一区2栋A座8层,南山区,,注册地在深圳
A股,002456,欧菲光,电子设备,光电子器件-光学元件,制造业-计算机、通信和其他电子设备制造业,深圳市光明区凤凰街道东坑社区光源二路131号欧菲光总部研发中心B栋18层,深圳市南山区蛇口商海路91号太子湾商务广场T6栋9层,光明区,,注册地在深圳
A股,002475,立讯精密,电子设备,消费电子设备-消费电子设备,制造业-计算机、通信和其他电子设备制造业,深圳市宝安区沙井街道蚝一西部三洋新工业区A栋2层,"广东省东莞市清溪镇北环路313号,中国香港铜锣湾希慎道33号利园一期19楼1901室",宝安区,,注册地在深圳
A股,002482,广田集团,建筑,装修装饰-装修装饰,建筑业-建筑装饰、装修和其他建筑业,深圳市罗湖区笋岗街道田心社区红岭北路2188号广田大厦30层,深圳市罗湖区笋岗街道田心社区红岭北路2188号建工数智大厦(广田大厦),罗湖区,,注册地在深圳
A股,002518,科士达,电气设备,电源设备-储能设备,制造业-电气机械和器材制造业,深圳市南山区高新北区科技中二路软件园1栋4楼401、402室,广东省深圳市南山区高新北区科技中二路软件园1栋4楼401、402室,南山区,,注册地在深圳
A股,002528,*ST英飞,信息技术,计算机硬件-PC、服务器及硬件,制造业-计算机、通信和其他电子设备制造业,广东省深圳市龙华新区观澜高新技术产业园英飞拓厂房,广东省深圳市龙华新区观澜高新技术产业园英飞拓厂房,—,,注册地在深圳
A股,002548,金新农,农林牧渔,畜牧业-饲料,制造业-农副食品加工业,深圳市光明区光明街道光电北路18号金新农大厦,深圳市光明区光明街道光电北路18号金新农大厦,光明区,,注册地在深圳
A股,002551,尚荣医疗,医药生物,医疗器械-医疗器械,制造业-专用设备制造业,深圳市龙岗区宝龙工业城宝龙五路2号尚荣科技工业园1号厂房2楼,深圳市龙岗区宝龙工业城宝龙五路2号尚荣科技工业园,龙岗区,,注册地在深圳
A股,002577,雷柏科技,电子设备,消费电子设备-消费电子设备,制造业-计算机、通信和其他电子设备制造业,深圳市坪山新区坑梓街道锦绣东路22号,深圳市南山区科苑南路3099号中国储能大厦56楼,—,,注册地在深圳
A股,002583,海能达,信息技术,通信设备-通信终端设备,制造业-计算机、通信和其他电子设备制造业,深圳市南山区高新区北区北环路9108号海能达大厦,广东省深圳市南山区高新区北区北环路9108号海能达大厦,南山区,,注册地在深圳
A股,002587,奥拓电子,电子设备,光电子器件-LED,制造业-计算机、通信和其他电子设备制造业,深圳市罗湖区清水河街道清水河社区清水河一路112号深业进元大厦塔楼2座1805,深圳市南山区粤海街道学府路63号高新区联合总部大厦10楼,罗湖区,,注册地在深圳
A股,002594,比亚迪,交运设备,汽车-乘用车,制造业-汽车制造业,广东省深圳市大鹏新区葵涌街道延安路一号,"深圳市坪山区比亚迪路3009号,香港新界大埔白石角科学园东路1号核心大厦1E号5楼505-510室",大鹏新区,,注册地在深圳
A股,002609,捷顺科技,信息技术,计算机软件-行业应用软件,信息传输、软件和信息技术服务业-软件和信息技术服务业,深圳市龙华区观湖街道鹭湖社区观盛二路5号捷顺科技中心,深圳市龙华区观湖街道鹭湖社区观盛二路5号捷顺科技中心A座,龙华区,,注册地在深圳
A股,002620,*ST瑞和,建筑,装修装饰-装修装饰,建筑业-建筑装饰、装修和其他建筑业,深圳市罗湖区深南东路3027号瑞和大厦,深圳市罗湖区深南东路3027号瑞和大厦,罗湖区,,注册地在深圳
A股,002625,光启技术,国防与装备,航空航天装备-航天装备,制造业-铁路、船舶、航空航天和其他运输设备制造业,深圳市南山区粤海街道麻岭社区高新中一道9号软件大厦3层,深圳市南山区粤海街道麻岭社区高新中一道9号软件大厦3层,南山区,,注册地在深圳
A股,002654,万润科技,文化传媒,营销服务-营销服务,租赁和商务服务业-商务服务业,深圳市光明区凤凰街道塘家社区光侨大道2519号万润大厦1201,深圳市光明区凤凰街道塘家社区光侨大道2519号万润大厦11-12层,光明区,,注册地在深圳
A股,002660,茂硕电源,电子设备,电子设备制造-电子设备制造,制造业-计算机、通信和其他电子设备制造业,广东省深圳市南山区松白路关外小白芒桑泰工业园,广东省深圳市南山区西丽松白路1061号茂硕科技园,南山区,,注册地在深圳
A股,002672,东江环保,公用事业,环保-环保,制造业-废弃资源综合利用业,深圳市南山区科技园北区朗山路9号东江环保大楼1楼、3楼、8楼北面、9-12楼,深圳市南山区科技园北区朗山路9号东江环保大楼1楼、3楼、8楼北面、9-12楼,南山区,,注册地在深圳
A股,002681,奋达科技,电子设备,消费电子设备-消费电子设备,制造业-计算机、通信和其他电子设备制造业,深圳市宝安区石岩洲石路奋达科技园,广东省深圳市宝安区石岩洲石路奋达科技园,宝安区,,注册地在深圳
A股,002724,海洋王,家电,照明设备-照明设备,制造业-电气机械和器材制造业,深圳市光明区光明街道东周社区聚丰路1601号海洋王科技楼B栋一层,深圳市光明区光明街道东周社区聚丰路1601号海洋王科技楼,光明区,,注册地在深圳
A股,002733,雄韬股份,电气设备,电源设备-储能设备,制造业-电气机械和器材制造业,深圳市大鹏新区大鹏街道同富工业区雄韬科技园办公楼、1#、2#、3#、8#厂房及9#厂房南栋1至5层,深圳市大鹏新区大鹏街道同富工业区雄韬科技园办公楼,大鹏新区,,注册地在深圳
A股,002735,王子新材,轻工制造,造纸印刷-包装印刷,制造业-橡胶和塑料制品业,深圳市龙华区龙华街道奋进路4号王子工业园,广东省深圳市龙华区龙华街道奋进路4号王子工业园,龙华区,,注册地在深圳
A股,002763,汇洁股份,纺织服装,服装家纺-服装,制造业-纺织服装、服饰业,深圳市福田区沙头街道天安社区泰然四路85号泰然立城B座401-610(4-6层),深圳市福田区沙头街道天安社区泰然四路85号泰然立城B座401-610(4-6层),福田区,,注册地在深圳
A股,002766,索菱股份,交运设备,汽车-汽车零部件,制造业-计算机、通信和其他电子设备制造业,深圳市南山区粤海街道海珠社区海德一道88号中洲控股金融中心B栋34M02,深圳市南山区粤海街道海珠社区海德一道88号中洲控股金融中心B栋3507,南山区,,注册地在深圳
A股,002782,可立克,电子设备,电子设备制造-电子设备制造,制造业-计算机、通信和其他电子设备制造业,深圳市宝安区福海街道新田社区正中工业厂区厂房7栋7栋2层,深圳市宝安区福海街道新田社区正中工业厂区厂房7栋2层,宝安区,,注册地在深圳
A股,002786,银宝山新,机械设备,专用设备-其他专用机械,制造业-专用设备制造业,深圳市宝安区石岩街道官田社区宝石东路塘坑路口东1号603/606,深圳市宝安区石岩街道官田社区宝石东路塘坑路口东1号603室/606室,宝安区,,注册地在深圳
A股,002789,*ST建艺,建筑,装修装饰-装修装饰,建筑业-建筑装饰、装修和其他建筑业,深圳市福田区福保街道福保社区槟榔道8号建艺集团六层,深圳市福田区福保街道福保社区槟榔道8号建艺集团,福田区,,注册地在深圳
A股,002811,郑中设计,休闲、生活及专业服务,专业服务-建筑装饰设计,科学研究和技术服务业-专业技术服务业,深圳市福田区中心区益田路与福华路交汇处卓越时代广场4B01、4B02,广东省深圳市福田区中心区益田路与福华路交汇处卓越时代广场4B01、4B02,福田区,,注册地在深圳
A股,002813,路畅科技,交运设备,汽车-汽车零部件,制造业-计算机、通信和其他电子设备制造业,深圳市南山区海天一路11号5栋C座8楼、9楼,深圳市南山区海天一路11号5栋C座9楼,南山区,,注册地在深圳
A股,002815,崇达技术,电子设备,电子元件-电子元件,制造业-计算机、通信和其他电子设备制造业,深圳市光明区凤凰街道东坑社区科能路(南延伸段)808号崇达大厦19层,深圳市光明区凤凰街道东坑社区科能路(南延伸段)808号崇达大厦,光明区,,注册地在深圳
A股,002816,*ST和科,机械设备,通用设备-其他通用机械,制造业-通用设备制造业,深圳市龙华区大浪街道浪口社区华荣路294号和科达工业园2栋1层-3层,深圳市龙华区大浪街道浪口社区华荣路294号和科达工业园2栋1层-3层,龙华区,,注册地在深圳
A股,002822,ST中装,商贸零售,商业物业经营-一般物业经营,建筑业-建筑装饰、装修和其他建筑业,深圳市罗湖区桂园街道人民桥社区和平路3001号鸿隆世纪广场401-421、A座501-505。(仅限办公),深圳市罗湖区深南东路4002号鸿隆世纪广场四-五层(仅限办公),罗湖区,,注册地在深圳
A股,002823,凯中精密,电气设备,电机-电机,制造业-电气机械和器材制造业,深圳市坪山区龙田街道规划四路1号,广东省深圳市坪山区龙田街道规划四路1号,坪山区,,注册地在深圳
A股,002830,名雕股份,建筑,装修装饰-装修装饰,建筑业-建筑装饰、装修和其他建筑业,深圳市罗湖区笋岗梨园路8号HALO广场(笋岗3号仓库整栋)3层15-16室,广东省深圳市宝安区兴华路南侧龙光世纪大厦1栋2-36、37、38、39、40,罗湖区,,注册地在深圳
A股,002831,裕同科技,轻工制造,造纸印刷-包装印刷,制造业-造纸和纸制品业,深圳市宝安区石岩街道石龙社区石环路1号办公楼三层、厂房D一层、厂房E一层,广东省深圳市宝安区石岩街道水田社区石环路1号,宝安区,,注册地在深圳
A股,002835,同为股份,信息技术,计算机硬件-专用计算机设备,制造业-计算机、通信和其他电子设备制造业,深圳市南山区粤海街道深圳湾科技生态园9栋B4座23楼,广东省深圳市南山区深圳湾科技生态园9栋B4座23楼,南山区,,注册地在深圳
A股,002837,英维克,机械设备,专用设备-其他专用机械,制造业-专用设备制造业,深圳市龙华区观澜街道观光路1303号鸿信工业园9号厂房1-3楼,广东省深圳市龙华区观澜街道观光路1303号鸿信工业园9号厂房1-3楼,龙华区,,注册地在深圳
A股,002845,同兴达,电子设备,电子器件-显示器件,制造业-计算机、通信和其他电子设备制造业,深圳市龙华区观湖街道鹭湖社区澜清一路3号荣超新时代广场B座1801-2118,深圳市龙华区观湖街道鹭湖社区澜清一路3号荣超新时代广场B座18-21层,龙华区,,注册地在深圳
A股,002850,科达利,机械设备,金属制品-金属制品,制造业-金属制品业,深圳市龙华区大浪街道同胜社区中建科技厂区厂房一1层,深圳市南山区科技南路16号深圳湾科技生态园11栋A座27层,龙华区,,注册地在深圳
A股,002851,麦格米特,电气设备,其他电气设备-其他电气设备,制造业-电气机械和器材制造业,深圳市南山区高新区北区朗山路13号清华紫光科技园5层A、B、C501-503、D、E,深圳市南山区高新区北区朗山路13号清华紫光科技园5层A;B;C501-C503;D;E,南山区,,注册地在深圳
A股,002856,*ST美芝,建筑,装修装饰-装修装饰,建筑业-建筑装饰、装修和其他建筑业,深圳市福田区梅林街道梅丰社区梅秀路2号深华科技园厂房1栋401,深圳市福田区梅林街道梅丰社区梅秀路2号深华科技园厂房1栋401,福田区,,注册地在深圳
A股,002867,周大生,轻工制造,珠宝首饰-珠宝首饰,批发和零售业-批发业,深圳市罗湖区翠竹街道布心路3033号水贝壹号A座19-23楼,深圳市罗湖区翠竹街道布心路3033号水贝壹号A座19-23楼,罗湖区,,注册地在深圳
A股,002869,金溢科技,电子设备,电子设备制造-电子设备制造,制造业-计算机、通信和其他电子设备制造业,深圳市南山区粤海街道高新区社区科技南路16号深圳湾科技生态园11栋A1901-08号、A2001-08号,深圳市南山区粤海街道高新区社区科技南路16号深圳湾科技生态园11栋A1901-08号、A2001-08号,南山区,,注册地在深圳
A股,002875,安奈儿,纺织服装,服装家纺-服装,制造业-纺织服装、服饰业,深圳市龙岗区坂田街道雪岗路2018号天安云谷产业园一期3栋A座13-17楼,广东省深圳市龙岗区坂田街道雪岗路2018号天安云谷产业园一期3栋A座13-17楼,龙岗区,,注册地在深圳
A股,002876,三利谱,电子设备,电子器件-显示器件,制造业-计算机、通信和其他电子设备制造业,深圳市光明新区公明办事处楼村社区第二工业区同富一路5号第1-9栋,广东省深圳市光明新区公明办事处楼村社区第二工业区同富一路5号第1-9栋,光明新区,,注册地在深圳
A股,002880,卫光生物,医药生物,生物医药-生物医药,制造业-医药制造业,深圳市光明区光明街道碧眼社区光侨大道3402号办公楼一层,深圳市光明区光明街道碧眼社区光侨大道3402号,光明区,,注册地在深圳
A股,002881,美格智能,信息技术,通信设备-通信传输设备,制造业-计算机、通信和其他电子设备制造业,深圳市宝安区福永街道凤凰社区岭下路5号办公楼2层,深圳市福田区深南大道1006号深圳国际创新中心B栋三十二层,宝安区,,注册地在深圳
A股,002882,金龙羽,电气设备,输变电设备-电线电缆,制造业-电气机械和器材制造业,深圳市龙岗区吉华街道吉华路288号金龙羽工业园,"深圳市龙岗区吉华街道吉华路288号金龙羽工业园,广东省深圳市龙岗区坂田街道五和大道118号和成世纪名园3A21楼",龙岗区,,注册地在深圳
A股,002885,京泉华,电子设备,电子器件-其他电子器件,制造业-计算机、通信和其他电子设备制造业,深圳市龙华新观澜街道桂月路325号京泉华工业园,深圳市龙岗区坪地街道坪桥路10号京泉华科技产业园,—,,注册地在深圳
A股,002886,沃特股份,基础化工,化学制品-塑料制品,制造业-橡胶和塑料制品业,深圳市南山区西丽街道西丽社区留新四路万科云城三期C区九栋B座3101房(国际创新谷7栋B座3101房),深圳市南山区西丽街道西丽社区留新四路万科云城三期C区九栋B座3101房(国际创新谷7栋B座3101房),南山区,,注册地在深圳
A股,002889,东方嘉盛,交通运输,物流-物流,租赁和商务服务业-商务服务业,广东省深圳市前海深港合作区南山街道自贸西街151号招商局前海经贸中心一期A座1201-1,深圳市福田保税区市花路10号东方嘉盛大厦6楼,前海深港合作区,,注册地在深圳
A股,002912,中新赛克,信息技术,计算机软件-行业应用软件,信息传输、软件和信息技术服务业-软件和信息技术服务业,深圳市南山区粤海街道高新区社区高新南七道20号深圳国家工程实验室大楼A1403,深圳市南山区粤海街道高新区社区高新南七道20号深圳国家工程实验室大楼A1403,南山区,,注册地在深圳
A股,002916,深南电路,电子设备,电子元件-电子元件,制造业-计算机、通信和其他电子设备制造业,深圳市龙岗区坪地街道盐龙大道1639号(一照多址企业),深圳市龙岗区坪地街道盐龙大道1639号,龙岗区,,注册地在深圳
A股,002917,金奥博,基础化工,化学制品-民爆用品,制造业-化学原料和化学制品制造业,深圳市南山区粤海街道滨海社区高新南十道63号高新区联合总部大厦33层,深圳市南山区粤海街道滨海社区高新南十道63号高新区联合总部大厦33层,南山区,,注册地在深圳
A股,002938,鹏鼎控股,电子设备,电子元件-电子元件,制造业-计算机、通信和其他电子设备制造业,广东省深圳市宝安区新安街道海滨社区海秀路2038号鹏鼎时代大厦A座27层,深圳市宝安区新安街道海滨社区海秀路2038号鹏鼎时代大厦A座27层,宝安区,,注册地在深圳
A股,002949,华阳国际,休闲、生活及专业服务,专业服务-建筑装饰设计,科学研究和技术服务业-专业技术服务业,深圳市龙华区民治街道北站社区龙华设计产业园总部大厦3栋101,深圳市龙华区民治街道北站社区龙华设计产业园总部大厦3栋,龙华区,,注册地在深圳
A股,002955,鸿合科技,电子设备,电子器件-显示器件,制造业-计算机、通信和其他电子设备制造业,深圳市坪山区坑梓街道沙田社区丹梓北路1号鸿合大厦1栋B座101,北京市朝阳区北辰东路8号院北辰时代大厦9层,坪山区,,注册地在深圳
A股,002957,科瑞技术,机械设备,通用设备-其他通用机械,制造业-专用设备制造业,深圳市光明区玉塘街道田寮社区光侨路科瑞智造产业园瑞明大厦A塔20层,深圳市光明区玉塘街道田寮社区光侨路科瑞智造产业园瑞明大厦A塔20层,光明区,,注册地在深圳
A股,002970,锐明技术,信息技术,计算机软件-其他软件服务,信息传输、软件和信息技术服务业-软件和信息技术服务业,广东省深圳市南山区学苑大道1001号南山智园B1栋21-23楼,广东省深圳市南山区学苑大道1001号南山智园B1栋21-23楼,南山区,,注册地在深圳
A股,002972,科安达,交运设备,铁路设备-铁路专用设备及器材,制造业-计算机、通信和其他电子设备制造业,深圳市福田区深南大道1006号深圳国际创新中心C栋14层(备案地址:深圳市南山区西丽街道阳光社区松白路1029号南岗第一工业园4栋301)(实行一照多址),深圳市福田区深南大道1006号深圳国际创新中心C栋14层,福田区,,注册地在深圳
A股,002979,雷赛智能,机械设备,通用设备-仪器仪表,制造业-仪器仪表制造业,深圳市南山区西丽街道曙光社区智谷研发楼B栋15-20层,深圳市南山区西丽街道曙光社区智谷研发楼B栋15-20层,南山区,,注册地在深圳
A股,002980,华盛昌,机械设备,通用设备-仪器仪表,制造业-仪器仪表制造业,"深圳市南山区西丽街道阳光社区松白路1002号百旺信工业园19栋101-501,21栋",深圳市南山区西丽白芒松白公路百旺信工业区五区19栋,南山区,,注册地在深圳
A股,002989,中天精装,建筑,装修装饰-装修装饰,建筑业-建筑装饰、装修和其他建筑业,深圳市福田区车公庙泰然八路深业泰然大厦C座8楼,深圳市福田区车公庙泰然八路深业泰然大厦C座8楼,福田区,,注册地在深圳
A股,002990,盛视科技,信息技术,计算机软件-行业应用软件,信息传输、软件和信息技术服务业-软件和信息技术服务业,深圳市福田区沙头街道天安社区泰然七路25号泰然苍松大厦十七层1705,深圳市南山区高新北四道11号(原齐民道1号)盛视大厦,福田区,,注册地在深圳
A股,002992,宝明科技,电子设备,电子设备制造-电子设备制造,制造业-计算机、通信和其他电子设备制造业,深圳市龙华区民治街道北站社区汇隆商务中心2号楼3001,惠州市大亚湾石化大道西宝明科技园,龙华区,,注册地在深圳
A股,003021,兆威机电,机械设备,专用设备-工程机械,制造业-电气机械和器材制造业,深圳市宝安区燕罗街道燕川社区燕湖路62号办公楼101,"深圳市宝安区燕罗街道燕川社区燕湖路62号办公楼101,香港铜锣湾希慎道33号利园一期19楼1910室",宝安区,,注册地在深圳
A股,003028,振邦智能,电气设备,其他电气设备-其他电气设备,制造业-计算机、通信和其他电子设备制造业,深圳市光明区玉塘街道长圳社区长悦路2号振为科技园1栋1-13层、2栋8-10层,深圳市光明区玉塘街道长圳社区长悦路2号振为科技园1栋1-13层,光明区,,注册地在深圳
A股,003816,中国广核,公用事业,电力-其他发电,电力、热力、燃气及水生产和供应业-电力、热力生产和供应业,中国广东省深圳市福田区深南大道2002号中广核大厦南楼18楼,中国广东省深圳市福田区深南大道2002号中广核大厦南楼,福田区,,注册地在深圳
A股,300012,华测检测,休闲、生活及专业服务,专业服务-其他专业服务,科学研究和技术服务业-专业技术服务业,深圳市宝安区新安街道兴东社区华测检测大楼1号楼101,深圳市宝安区新安街道留仙三路4号华测检测大楼,宝安区,,注册地在深圳
A股,300037,新宙邦,基础化工,化学制品-其他化学制品,制造业-计算机、通信和其他电子设备制造业,深圳市坪山区坪山街道六联社区昌业路9号新宙邦科技大厦(一照多址企业),"中国广东省深圳市坪山区坪山街道六联社区昌业路9号新宙邦科技大厦1901室,香港湾仔皇后大道东183号合和中心46楼",坪山区,,注册地在深圳
A股,300042,朗科科技,信息技术,计算机硬件-PC、服务器及硬件,制造业-计算机、通信和其他电子设备制造业,深圳市南山区高新区南区高新南六道10号朗科大厦16、18、19层,广东省深圳市南山区高新区南区高新南六道10号朗科大厦16、18、19层,南山区,,注册地在深圳
A股,300044,*ST赛为,信息技术,计算机软件-行业应用软件,信息传输、软件和信息技术服务业-软件和信息技术服务业,深圳市龙岗区南湾街道下李朗社区联李东路8号赛为大楼A101至15楼,广东省深圳市南山区粤海街道高新区社区科苑南路3156号深圳湾创新科技中心2栋A座25层,龙岗区,,注册地在深圳
A股,300047,天源迪科,信息技术,计算机软件-其他软件服务,信息传输、软件和信息技术服务业-软件和信息技术服务业,深圳市福田区梅林街道梅亭社区广夏路1号创智云中心A栋2501,深圳市福田区广厦路1号创智云中心A栋24-25层,福田区,,注册地在深圳
A股,300052,中青宝,互联网,互联网技术-云服务(含IDC、CDN),信息传输、软件和信息技术服务业-互联网和相关服务,深圳市福田区华强北街道福强社区深南中路2070号电子科技大厦C座43A,深圳市南山区深圳湾科技生态园三期10A栋23层,福田区,,注册地在深圳
A股,300077,国民技术,电子设备,半导体-集成电路,制造业-计算机、通信和其他电子设备制造业,深圳市南山区西丽街道松坪山社区宝深路109号国民技术大厦1楼,深圳市南山区西丽街道松坪山社区宝深路109号国民技术大厦,南山区,,注册地在深圳
A股,300085,银之杰,信息技术,计算机软件-行业应用软件,信息传输、软件和信息技术服务业-软件和信息技术服务业,深圳市福田区沙头街道天安社区车公庙泰然七路1号博今商务广场B座十二层,深圳市福田区泰然七路博今商务广场B座十二层,福田区,,注册地在深圳
A股,300112,万讯自控,机械设备,通用设备-仪器仪表,制造业-仪器仪表制造业,深圳市南山区高新技术产业园北区三号路万讯自控大楼1-6层,深圳市南山区西丽街道松坪山社区高新北六道15号威大科技园B座1层、6-7层,南山区,,注册地在深圳
A股,300115,长盈精密,电子设备,电子器件-其他电子器件,制造业-计算机、通信和其他电子设备制造业,深圳市宝安区燕罗街道罗田社区罗昌路88号厂房101至1501(一照多址企业),深圳市宝安区燕罗街道象山大道78号长盈精密总部,宝安区,,注册地在深圳
A股,300124,汇川技术,机械设备,机器人-工业机器人,制造业-电气机械和器材制造业,深圳市龙华区观湖街道鹭湖社区澜清二路6号汇川技术总部大厦1单元101,深圳市龙华区观湖街道鹭湖社区澜清二路6号汇川技术总部大厦1单元101,龙华区,,注册地在深圳
A股,300130,新国都,信息技术,计算机硬件-专用计算机设备,制造业-专用设备制造业,深圳市福田区深南路车公庙工业区泰然劲松大厦17A,广东省深圳市南山区科技南十二路20号嘉联支付大厦11楼,福田区,,注册地在深圳
A股,300131,英唐智控,电子设备,电子元件-电子元件,批发和零售业-批发业,深圳市宝安区新安街道海旺社区宝兴路6号海纳百川总部大厦B座6层、7层、8层,深圳市宝安区新安街道海旺社区宝兴路6号海纳百川总部大厦B座6层、7层、8层,宝安区,,注册地在深圳
A股,300136,信维通信,电子设备,电子设备制造-电子设备制造,制造业-计算机、通信和其他电子设备制造业,深圳市宝安区沙井街道西环路1013号A.B栋,广东省深圳市宝安区沙井街道西环路1013号A.B栋,宝安区,,注册地在深圳
A股,300151,昌红科技,机械设备,通用设备-其他通用机械,制造业-专用设备制造业,深圳市坪山区碧岭街道沙湖社区锦龙大道3号昌红科技公司1层至3层,深圳市坪山区碧岭街道沙湖社区锦龙大道3号昌红科技公司1层至3层,坪山区,,注册地在深圳
A股,300154,瑞凌股份,机械设备,通用设备-其他通用机械,制造业-通用设备制造业,深圳市宝安区新安街道兴东社区70区润坊路5号润智研发中心2栋11F1102(1101-1104)(一照多址企业),深圳市宝安区新安街道兴东社区70区润坊路5号润智研发中心2栋11F1102(1101-1104),宝安区,,注册地在深圳
A股,300162,雷曼光电,电子设备,光电子器件-LED,制造业-计算机、通信和其他电子设备制造业,深圳市南山区松白路百旺信高科技工业园二区第八栋,广东省深圳市南山区松白路百旺信高科技工业园二区第八栋,南山区,,注册地在深圳
A股,300167,ST迪威迅,信息技术,通信设备-通信配套服务,信息传输、软件和信息技术服务业-软件和信息技术服务业,深圳市南山区粤海街道科技园社区琼宇路10号澳特科兴科学园D栋2201,深圳市南山区粤海街道科技园社区琼宇路10号澳特科兴科学园D栋2201,南山区,,注册地在深圳
A股,300193,佳士科技,机械设备,通用设备-其他通用机械,制造业-通用设备制造业,深圳市坪山新区青兰一路3号,广东省深圳市南山区桃园路田厦国际中心A栋1606-1610,—,,注册地在深圳
A股,300197,节能铁汉,建筑,建筑施工-园林工程,水利、环境和公共设施管理业-生态保护和环境治理业,深圳市龙岗区龙城街道黄阁坑社区黄阁北路449号龙岗天安数码创新园三号厂房B1401,"广东省深圳市福田区红荔西路8133号农科商务办公楼5,6,7楼",龙岗区,,注册地在深圳
A股,300199,翰宇药业,医药生物,化学制药-化学制剂,制造业-医药制造业,深圳市龙华区观澜高新园区观盛四路7号翰宇创新产业大楼,深圳市龙华区观澜高新园区观盛四路7号翰宇创新产业大楼,龙华区,,注册地在深圳
A股,300206,理邦仪器,医药生物,医疗器械-医疗器械,制造业-专用设备制造业,深圳市坪山新区坑梓街道金沙社区金辉路15号,广东省深圳市坪山新区坑梓街道金沙社区金辉路15号,—,,注册地在深圳
A股,300207,欣旺达,电子设备,电子设备制造-电子设备制造,制造业-电气机械和器材制造业,深圳市宝安区石岩街道石龙社区颐和路2号综合楼1楼、2楼A-B区、2楼D区-9楼,"深圳市宝安区石岩街道石龙社区龙强路2号欣旺达电子股份有限公司智慧园区,香港铜锣湾希慎道33号利园一期19楼1919室",宝安区,,注册地在深圳
A股,300227,光韵达,电子设备,电子元件-电子元件,制造业-计算机、通信和其他电子设备制造业,深圳市南山区沙河街道高发社区侨香路金迪世纪大厦A栋1201,深圳市南山区沙河街道高发社区侨香路金迪世纪大厦A栋12楼,南山区,,注册地在深圳
A股,300232,洲明科技,电子设备,光电子器件-LED,制造业-计算机、通信和其他电子设备制造业,深圳市宝安区福海街道和平社区同富裕工业区蚝业路18号B栋1-3楼,"深圳市宝安区福海街道和平社区同富裕工业区蚝业路18号B栋1-3楼,(生产基地)惠州市惠阳区大亚湾西区龙盛五路3号洲明科技园,中山市民众镇众安大道105号,江西省南昌市南昌高新技术产业开发区天祥北大道698号光电产业园",宝安区,,注册地在深圳
A股,300235,方直科技,信息技术,计算机软件-行业应用软件,信息传输、软件和信息技术服务业-软件和信息技术服务业,深圳市南山区南头街道马家龙社区大新路198号创新大厦B栋901,广东省深圳市南山区大新路198号创新大厦B栋9楼,南山区,,注册地在深圳
A股,300241,瑞丰光电,电子设备,光电子器件-LED,制造业-计算机、通信和其他电子设备制造业,深圳市光明区玉塘街道田寮社区融汇路与同观路交汇瑞丰光电大厦1栋1601(一照多址企业),深圳市光明区玉塘街道田寮社区融汇路与同观路交汇瑞丰光电大厦1栋16F,光明区,,注册地在深圳
A股,300252,金信诺,信息技术,通信设备-通信传输设备,制造业-电气机械和器材制造业,广东省深圳市龙岗区宝龙街道宝龙社区宝龙二路50号金信诺1号厂房1楼、19楼,"深圳市南山区粤海街道高新区社区高新南九道10号深圳湾科技生态园10栋B座26层,深圳市龙岗区宝龙街道宝龙社区宝龙二路50号金信诺1号厂房1楼、19楼",龙岗区,,注册地在深圳
A股,300264,佳创视讯,信息技术,计算机软件-行业应用软件,信息传输、软件和信息技术服务业-软件和信息技术服务业,深圳市光明区凤凰街道凤凰社区汇通路7号万和科技大厦A栋六层76号,深圳市南山区西丽打石一路深圳国际创新谷1栋A座15楼,光明区,,注册地在深圳
A股,300269,联建光电,电子设备,电子器件-显示器件,制造业-计算机、通信和其他电子设备制造业,深圳市宝安区新安街道兴东社区68区留仙大道2号汇聚创新园2栋2317(一照多址企业),深圳市南山区深圳湾科技生态园二区9栋B4座16楼,宝安区,,注册地在深圳
A股,300301,ST长方,电子设备,光电子器件-LED,制造业-计算机、通信和其他电子设备制造业,深圳市坪山区龙田街道竹坑社区长方集团总部大楼一层,广东省深圳市龙华区福城街道人民路221号,坪山区,,注册地在深圳
A股,300303,聚飞光电,电子设备,光电子器件-LED,制造业-计算机、通信和其他电子设备制造业,广东省深圳市龙岗区平湖街道鹅公岭社区鹅岭工业区4号,深圳市龙岗区平湖街道华宝路99号聚飞光电大厦,龙岗区,,注册地在深圳
A股,300311,任子行,信息技术,计算机软件-其他软件服务,信息传输、软件和信息技术服务业-软件和信息技术服务业,深圳市南山区高新区科技中二路软件园2栋6楼,深圳市南山区高新区科技中二路软件园2栋6楼,南山区,,注册地在深圳
A股,300317,珈伟新能,电气设备,电源设备-太阳能,制造业-电气机械和器材制造业,深圳市龙岗区坪地街道中心社区环坪路7号A栋101-1201、C栋101-901、D栋101-901,深圳市南山区粤海街道科技园社区科苑路8号讯美科技广场1号楼27楼,龙岗区,,注册地在深圳
A股,300319,麦捷科技,电子设备,电子器件-显示器件,制造业-计算机、通信和其他电子设备制造业,深圳市坪山区龙田街道竹坑社区坪山科技路16号1栋麦捷科技智慧园厂房101、坪山科技路8号智鑫能源大楼101,深圳市坪山区龙田街道竹坑社区坪山科技路麦捷科技智慧园,坪山区,,注册地在深圳
A股,300333,兆日科技,信息技术,计算机软件-行业应用软件,信息传输、软件和信息技术服务业-软件和信息技术服务业,深圳市福田区泰然八路泰然大厦C座1605,深圳市福田区车公庙深业泰然大厦C栋1605室,福田区,,注册地在深圳
A股,300348,长亮科技,信息技术,计算机软件-行业应用软件,信息传输、软件和信息技术服务业-软件和信息技术服务业,深圳市南山区粤海街道沙河西路深圳湾科技生态园一区2栋A座5层,深圳市南山区粤海街道沙河西路深圳湾科技生态园一区2栋A座5层,南山区,,注册地在深圳
A股,300350,华鹏飞,交通运输,物流-物流,交通运输、仓储和邮政业-多式联运和运输代理业,广东省深圳市福田区华富街道莲花一村社区皇岗路5001号深业上城(南区)T2栋4308,深圳市福田区华富街道莲花一村社区皇岗路5001号深业上城(南区)T2栋4308,福田区,,注册地在深圳
A股,300377,赢时胜,信息技术,计算机软件-行业应用软件,信息传输、软件和信息技术服务业-软件和信息技术服务业,深圳市福田区华富街道莲花一村社区皇岗路5001号深业上城(南区)T2栋3701,深圳市福田区华富街道莲花一村社区皇岗路5001号深业上城(南区)T2栋3701,福田区,,注册地在深圳
A股,300389,艾比森,电子设备,光电子器件-LED,制造业-计算机、通信和其他电子设备制造业,深圳市龙岗区坂田街道雪岗路2018号天安云谷产业园一期3栋A座18、19、20层,深圳市龙岗区坂田街道雪岗路2018号天安云谷产业园一期3栋A座18、19、20层,龙岗区,,注册地在深圳
A股,300400,劲拓股份,机械设备,专用设备-其他专用机械,制造业-专用设备制造业,深圳市宝安区航城街道鹤洲社区广深高速北侧鹤洲工业区劲拓自动化工业厂区1层至5层,深圳市宝安区石岩街道水田社区祝龙田北路8号劲拓高新技术中心(劲拓光电产业园),宝安区,,注册地在深圳
A股,300454,深信服,信息技术,计算机软件-行业应用软件,信息传输、软件和信息技术服务业-软件和信息技术服务业,深圳市南山区西丽街道西丽社区仙洞路16号深信服科技大厦7楼,广东省深圳市南山区西丽街道仙洞路16号深信服科技大厦,南山区,,注册地在深圳
A股,300457,赢合科技,机械设备,专用设备-其他专用机械,制造业-专用设备制造业,深圳市光明区新湖街道圳美社区圳园路98号光明天安云谷产业园1栋A座703,广东省深圳市南山区前海深港合作区前海大道前海嘉里中心T2-2501,光明区,,注册地在深圳
A股,300468,四方精创,信息技术,计算机软件-行业应用软件,信息传输、软件和信息技术服务业-软件和信息技术服务业,深圳市南山区粤海街道高新区社区高新南七道8号四方精创资讯大厦3层,深圳市南山区粤海街道高新区社区高新南七道8号四方精创资讯大厦,南山区,,注册地在深圳
A股,300484,蓝海华腾,电气设备,输变电设备-电气自控设备,制造业-电气机械和器材制造业,深圳市光明区玉塘街道田寮社区根玉路与田寮路交汇处东南侧二号楼801(一照多址企业),广东省深圳市光明区玉塘街道田寮社区根玉路与田寮路交汇处东南侧二号楼801,光明区,,注册地在深圳
A股,300506,名家汇,建筑,建筑施工-专业工程,建筑业-建筑装饰、装修和其他建筑业,深圳市南山区粤海街道高新区社区高新南九道10号深圳湾科技生态园10栋A2001(20层01-06号),深圳市南山区粤海街道高新区社区高新南九道10号深圳湾科技生态园10栋A2001(20层01-06号),南山区,,注册地在深圳
A股,300514,友讯达,电气设备,输变电设备-电气仪表,制造业-仪器仪表制造业,深圳市南山区桃源街道龙光社区龙珠三路光前工业区6栋3层,深圳市南山区桃源街道龙光社区龙珠三路光前工业区6栋3层,南山区,,注册地在深圳
A股,300531,优博讯,信息技术,通信设备-通信终端设备,制造业-计算机、通信和其他电子设备制造业,深圳市南山区粤海街道学府路63号高新区联合总部大厦36楼,深圳市南山区粤海街道学府路63号高新区联合总部大厦36楼,南山区,,注册地在深圳
A股,300532,今天国际,信息技术,计算机软件-其他软件服务,信息传输、软件和信息技术服务业-软件和信息技术服务业,深圳市龙岗区宝龙街道宝龙社区翠宝路今天国际办公楼101,深圳市龙岗区宝龙街道翠宝路26号,龙岗区,,注册地在深圳
A股,300533,冰川网络,互联网,互联网服务-游戏娱乐,信息传输、软件和信息技术服务业-互联网和相关服务,深圳市南山区粤海街道滨海社区高新南十道63号高新区联合总部大厦15层,深圳市南山区粤海街道滨海社区高新南十道63号高新区联合总部大厦15层,南山区,,注册地在深圳
A股,300538,同益股份,商贸零售,贸易-贸易,批发和零售业-批发业,深圳市宝安区西乡街道桃源社区航城工业区宝华森国际中心C栋501-512,深圳市宝安区西乡街道桃源社区航城工业区宝华森国际中心C栋501,宝安区,,注册地在深圳
A股,300543,朗科智能,电子设备,电子设备制造-电子设备制造,制造业-计算机、通信和其他电子设备制造业,深圳市宝安区新安街道兴东社区70区创业二路526号科创大厦A栋1701,深圳市宝安区新安街道兴东社区70区创业二路526号科创大厦A栋1701,宝安区,,注册地在深圳
A股,300545,联得装备,电子设备,电子器件-显示器件,制造业-专用设备制造业,广东省深圳市龙华区观湖街道观城社区求知东路6号联得大厦A2001,深圳市龙华区观湖街道大和社区大和工业区28号1栋101,龙华区,,注册地在深圳
A股,300546,雄帝科技,电子设备,电子设备制造-电子设备制造,制造业-计算机、通信和其他电子设备制造业,深圳市南山区粤海街道高新区社区高新南九道10号深圳湾科技生态园10栋A2901-2902,深圳市南山区粤海街道高新区社区高新南九道10号深圳湾科技生态园10栋A2901-2902,南山区,,注册地在深圳
A股,300556,丝路视觉,信息技术,计算机软件-其他软件服务,信息传输、软件和信息技术服务业-软件和信息技术服务业,广东省深圳市罗湖区东门街道城东社区深南东路2028号罗湖商务中心1706,广东省深圳市福田保税区市花路花样年福年广场B4栋108室,罗湖区,,注册地在深圳
A股,300565,科信技术,信息技术,通信设备-通信配套服务,制造业-计算机、通信和其他电子设备制造业,深圳市龙岗区宝龙街道新能源一路科信科技大厦,深圳市龙岗区新能源一路科信科技大厦,龙岗区,,注册地在深圳
A股,300568,星源材质,有色金属,金属非金属新材料-电池材料,制造业-化学原料和化学制品制造业,深圳市光明新区公明办事处田园路北,广东省深圳市光明新区公明办事处田园路北,光明新区,,注册地在深圳
A股,300570,太辰光,信息技术,通信设备-通信传输设备,制造业-计算机、通信和其他电子设备制造业,深圳市坪山区坑梓街道秀新社区锦绣中路8号太辰光通信科技园(一照多址企业),深圳市坪山区坑梓街道秀新社区锦绣中路8号太辰光通信科技园,坪山区,,注册地在深圳
A股,300572,安车检测,机械设备,通用设备-仪器仪表,制造业-仪器仪表制造业,深圳市南山区粤海街道学府路63号高新区联合总部大厦35楼,深圳市南山区粤海街道学府路63号高新区联合总部大厦35楼,南山区,,注册地在深圳
A股,300576,容大感光,基础化工,化学制品-其他化学制品,制造业-计算机、通信和其他电子设备制造业,深圳市宝安区福海街道新田社区新田大道71-5号301(1-3层),深圳市宝安区福海街道新田社区新田大道71-5号301(1-3层),宝安区,,注册地在深圳
A股,300601,康泰生物,医药生物,生物医药-生物医药,制造业-医药制造业,深圳市南山区粤海街道科技园社区科发路222号康泰集团大厦101,深圳市南山区粤海街道科技园社区科发路222号康泰集团大厦,南山区,,注册地在深圳
A股,300602,飞荣达,电子设备,电子器件-其他电子器件,制造业-计算机、通信和其他电子设备制造业,深圳市光明区玉塘街道田寮社区根玉路1215号飞荣达新材料产业园(一照多址企业),深圳市光明区玉塘街道田寮社区根玉路1215号飞荣达新材料产业园(一照多址企业),光明区,,注册地在深圳
A股,300615,欣天科技,信息技术,通信设备-通信传输设备,制造业-计算机、通信和其他电子设备制造业,深圳市南山区西丽街道西丽社区打石一路深圳国际创新谷七栋(万科云城三期C区九栋)B座2401房,深圳市南山区打石1路深圳国际创新谷7栋B座24层2401房,南山区,,注册地在深圳
A股,300621,维业股份,建筑,装修装饰-装修装饰,建筑业-建筑装饰、装修和其他建筑业,深圳市福田区新洲路以西、莲花路以南振业景洲大厦裙楼101,深圳市福田区新洲路以西、莲花路以南振业景洲大厦裙楼101,福田区,,注册地在深圳
A股,300622,博士眼镜,商贸零售,零售-连锁,批发和零售业-零售业,深圳市罗湖区桂园街道深南东路5016号京基一百大厦A座2201-02单元,深圳市罗湖区桂园街道深南东路5016号京基一百大厦A座2201-02单元,罗湖区,,注册地在深圳
A股,300633,开立医疗,医药生物,医疗器械-医疗器械,制造业-专用设备制造业,深圳市南山区粤海街道麻岭社区高新中区科技中2路1号深圳软件园(2期)12栋201、202,深圳市光明区光电北路368号开立医疗大厦,南山区,,注册地在深圳
A股,300634,彩讯股份,信息技术,计算机软件-其他软件服务,信息传输、软件和信息技术服务业-软件和信息技术服务业,深圳市南山区粤海街道高新区社区科苑南路3176号彩讯科技大厦三十一层,广东省深圳市南山区高新南区科苑南路3176号彩讯科创中心31层,南山区,,注册地在深圳
A股,300638,广和通,信息技术,通信设备-通信传输设备,制造业-计算机、通信和其他电子设备制造业,深圳市南山区西丽街道西丽社区打石一路深圳国际创新谷六栋A座1101,"深圳市南山区西丽街道西丽社区打石一路深圳国际创新谷六栋A座10-14层,香港湾仔皇后大道东248号大新金融中心40楼",南山区,,注册地在深圳
A股,300647,超频三,有色金属,金属非金属新材料-电池材料,制造业-计算机、通信和其他电子设备制造业,深圳市龙岗区宝龙街道宝龙社区高科大道18号超频三大楼A座1301,深圳市龙岗区宝龙街道宝龙社区高科大道18号超频三大楼A座1301,龙岗区,,注册地在深圳
A股,300656,民德电子,信息技术,计算机硬件-专用计算机设备,制造业-计算机、通信和其他电子设备制造业,深圳市南山区高新区中区科技园工业厂房25栋1段5层(1)号,广东省深圳市南山区高新区中区科技园工业厂房25栋1段5层(1)号,南山区,,注册地在深圳
A股,300668,杰恩股份,休闲、生活及专业服务,专业服务-其他专业服务,租赁和商务服务业-商务服务业,深圳市南山区粤海街道高新区社区白石路3609号深圳湾科技生态园二区9栋532B室,深圳市南山区乌石头路8号天明科技大厦11楼,南山区,,注册地在深圳
A股,300671,富满微,电子设备,半导体-集成电路,信息传输、软件和信息技术服务业-软件和信息技术服务业,深圳市坪山区坑梓街道金沙社区坑梓人民东路30号富满微产研大厦1栋101,深圳市前海深港合作区听海大道5059号前海鸿荣源中心B座37层,坪山区,,注册地在深圳
A股,300675,建科院,休闲、生活及专业服务,专业服务-其他专业服务,科学研究和技术服务业-专业技术服务业,深圳市福田区上梅林梅坳三路29号建科大楼,广东省深圳市福田区上梅林梅坳三路29号建科大楼,福田区,,注册地在深圳
A股,300676,华大基因,医药生物,生物医药-生物医药,科学研究和技术服务业-专业技术服务业,深圳市盐田区梅沙街道滨海社区云华路9号华大时空中心B栋8南1-1,广东省深圳市盐田区梅沙街道云华路9号华大时空中心B区8层,盐田区,,注册地在深圳
A股,300679,电连技术,电子设备,电子器件-其他电子器件,制造业-计算机、通信和其他电子设备制造业,深圳市光明区玉塘街道长圳社区长凤路电连技术产业园八层(第一层至第八层),深圳市光明区玉塘街道长圳社区长凤路电连技术产业园第一层至第八层,光明区,,注册地在深圳
A股,300686,智动力,电子设备,电子设备制造-电子设备制造,制造业-计算机、通信和其他电子设备制造业,深圳市坪山区龙田街道南布社区兰金六路9号智动力办公楼整套101,广东省东莞市凤岗镇官井头村小布二路10号,坪山区,,注册地在深圳
A股,300689,澄天伟业,信息技术,通信设备-通信终端设备,制造业-计算机、通信和其他电子设备制造业,深圳市南山区粤海街道高新区社区高新南九道10号深圳湾科技生态园10栋B3401-B3404,深圳市南山区粤海街道高新区社区高新南九道10号深圳湾科技生态园10栋B3401-B3404,南山区,,注册地在深圳
A股,300693,盛弘股份,电气设备,电源设备-储能设备,制造业-电气机械和器材制造业,深圳市南山区西丽街道松白路1002号百旺信高科技工业园2区6栋,广东省深圳市南山区西丽街道松白路1002号百旺信高科技工业园2区6栋,南山区,,注册地在深圳
A股,300713,英可瑞,电气设备,电源设备-其他电源设备,制造业-电气机械和器材制造业,深圳市南山区西丽街道曙光社区中山园路1001号TCL科学园区E1栋1101,深圳市龙岗区宝龙街道宝龙社区宝龙二路60号英可瑞工业园,南山区,,注册地在深圳
A股,300724,捷佳伟创,电气设备,电源设备-太阳能,制造业-专用设备制造业,深圳市坪山区龙田街道竹坑社区金牛东路62号一层至六层,深圳市坪山区龙田街道竹坑社区金牛东路62号一层至六层,坪山区,,注册地在深圳
A股,300731,科创新源,基础化工,橡胶制品-其他橡胶制品,制造业-橡胶和塑料制品业,深圳市光明区新湖街道同富裕工业园富川科技工业园2号、3号厂房,深圳市光明区新湖街道同富裕工业园富川科技工业园2号、3号厂房,光明区,,注册地在深圳
A股,300739,明阳电路,电子设备,电子元件-电子元件,制造业-计算机、通信和其他电子设备制造业,深圳市宝安区新桥街道上星第二工业区南环路32号B栋,深圳市宝安区新桥街道上星第二工业区南环路32号B栋,宝安区,,注册地在深圳
A股,300745,欣锐科技,交运设备,汽车-汽车零部件,制造业-汽车制造业,深圳市南山区桃源街道福光社区留仙大道3370号南山智园崇文园区3号楼3401-3504(34、35层),深圳市南山区桃源街道福光社区留仙大道3370号南山智园崇文园区3号楼3401-3504(34、35层),南山区,,注册地在深圳
A股,300752,隆利科技,电子设备,电子器件-显示器件,制造业-计算机、通信和其他电子设备制造业,深圳市龙华区观澜街道大富社区建盛路1号隆利科技广场1栋701,深圳市龙华区观澜街道大富社区建盛路1号隆利科技广场1栋701,龙华区,,注册地在深圳
A股,300760,迈瑞医疗,医药生物,医疗器械-医疗器械,制造业-专用设备制造业,深圳市南山区高新技术产业园区科技南十二路迈瑞大厦1-4层,深圳市南山区高新技术产业园区科技南十二路迈瑞大厦1-4层,南山区,,注册地在深圳
A股,300769,德方纳米,有色金属,金属非金属新材料-电池材料,制造业-计算机、通信和其他电子设备制造业,深圳市南山区桃源街道福光社区留仙大道3370号南山智园崇文园区1号楼1001,深圳市南山区留仙大道3370号南山智园崇文园区1号楼10层,南山区,,注册地在深圳
A股,300771,智莱科技,电子设备,电子设备制造-电子设备制造,制造业-专用设备制造业,深圳市光明区马田街道合水口社区建设西路120号507,深圳市龙岗区坂田街道天安云谷二期四栋37层,光明区,,注册地在深圳
A股,300778,新城市,休闲、生活及专业服务,专业服务-其他专业服务,科学研究和技术服务业-专业技术服务业,广东省深圳市龙岗区中心城清林中路39号新城市大厦10楼,广东省深圳市龙岗区中心城清林中路39号新城市大厦10楼,龙岗区,,注册地在深圳
A股,300811,铂科新材,有色金属,金属非金属新材料-磁性材料,制造业-计算机、通信和其他电子设备制造业,深圳市南山区西丽街道曙光社区智谷研发楼B栋1301,深圳市南山区沙河西路3157号南山智谷产业园B座13F,南山区,,注册地在深圳
A股,300812,易天股份,电子设备,电子设备制造-电子设备制造,制造业-专用设备制造业,深圳市宝安区沙井街道沙头社区沙井南环路446号星展广场1栋A座401,深圳市宝安区沙井街道沙头社区沙井南环路446号星展广场1栋A座401,宝安区,,注册地在深圳
A股,300814,中富电路,电子设备,电子设备制造-电子设备制造,制造业-计算机、通信和其他电子设备制造业,深圳市宝安区沙井街道和一社区和二工业区兴业路8号,广东省深圳市南山区蛇口招商局广场大厦6楼GH单元,宝安区,,注册地在深圳
A股,300822,贝仕达克,电子设备,消费电子设备-消费电子设备,制造业-计算机、通信和其他电子设备制造业,深圳市龙岗区龙岗街道龙西社区学园路第三工业区22栋、23栋、34栋、37栋(一照多址企业),深圳市龙岗区宝龙街道宝龙社区拓新路19号(贝仕达克科技大厦),龙岗区,,注册地在深圳
A股,300824,北鼎股份,家电,其他家电-其他家电,制造业-电气机械和器材制造业,深圳市南山区桃源街道福光社区留仙大道3333号塘朗城广场(西区)A座、B座、C座A座3801,深圳市南山区桃源街道福光社区留仙大道3333号塘朗城广场(西区)A座、B座、C座A座3801,南山区,,注册地在深圳
A股,300832,新产业,医药生物,医疗器械-医疗器械,制造业-医药制造业,深圳市坪山区坑梓街道金沙社区锦绣东路23号新产业生物大厦二十一层,深圳市坪山区坑梓街道金沙社区锦绣东路23号新产业生物大厦,坪山区,,注册地在深圳
A股,300854,中兰环保,公用事业,环保-环保,水利、环境和公共设施管理业-生态保护和环境治理业,深圳市罗湖区桂园街道老围社区深南东路5016号蔡屋围京基一百大厦A座4112,深圳市南山区蛇口南海大道1069号联合大厦三层,罗湖区,,注册地在深圳
A股,300857,协创数据,电子设备,消费电子设备-消费电子设备,制造业-计算机、通信和其他电子设备制造业,深圳市福田区梅林街道梅都社区中康路136号深圳新一代产业园3栋1701,深圳市福田区梅林街道梅都社区中康路136号深圳新一代产业园3栋1701,福田区,,注册地在深圳
A股,300868,杰美特,电子设备,电子器件-其他电子器件,制造业-橡胶和塑料制品业,深圳市龙华区民治街道北站社区汇德大厦1号楼4201,深圳市龙华区民治街道北站社区汇德大厦1号楼4201,龙华区,,注册地在深圳
A股,300870,欧陆通,电子设备,电子设备制造-电子设备制造,制造业-计算机、通信和其他电子设备制造业,深圳市宝安区航城街道三围社区航城大道175号南航明珠花园1栋19号,深圳市宝安区航城街道三围社区航城大道175号南航明珠花园1栋19号,宝安区,,注册地在深圳
A股,300888,稳健医疗,纺织服装,纺织-棉纺,制造业-纺织业,"深圳市龙华区民治街道北站社区汇隆商务中心2号楼42层,深圳市龙华区布龙路660号稳健工业园",深圳市龙华区民治街道北站社区汇隆商务中心2号楼42层,龙华区,,注册地在深圳
A股,300889,爱克股份,电子设备,光电子器件-LED,制造业-电气机械和器材制造业,深圳市光明区凤凰街道塘家社区科农路589号爱克股份产业园1栋101,深圳市光明区凤凰街道塘家社区科农路589号爱克股份产业园1栋101,光明区,,注册地在深圳
A股,300909,汇创达,电子设备,电子器件-其他电子器件,制造业-计算机、通信和其他电子设备制造业,深圳市宝安区石岩街道长排社区爱群路同富裕工业区2-2号厂房一层、二层、三层,深圳市宝安区石岩街道长排社区爱群路同富裕工业区2-2号厂房一层、二层、三层,宝安区,,注册地在深圳
A股,300916,朗特智能,电子设备,电子设备制造-电子设备制造,制造业-计算机、通信和其他电子设备制造业,深圳市宝安区新桥街道象山社区新发东路7号一层至三层、5号一层至三层;深圳市宝安区新桥街道上寮社区黄埔路52号G栋一层至四层(一照多址企业),深圳市宝安区新桥街道上寮社区黄埔路52号G栋一层至四层,宝安区,,注册地在深圳
A股,300921,南凌科技,互联网,互联网服务-其他互联网服务,信息传输、软件和信息技术服务业-互联网和相关服务,深圳市福田区深南大道1006号深圳国际创新中心A栋16层,深圳市福田区深南大道1006号深圳国际创新中心A栋16层,福田区,,注册地在深圳
A股,300925,法本信息,信息技术,计算机软件-其他软件服务,信息传输、软件和信息技术服务业-软件和信息技术服务业,深圳市南山区西丽街道云城社区龙珠大道880号南山区科技创新中心1栋1单元(A2)36层-38层,广东省深圳市南山区西丽街道南山科技创新中心南山智城A2栋36层-38层,南山区,,注册地在深圳
A股,300938,信测标准,交运设备,汽车-汽车服务,科学研究和技术服务业-专业技术服务业,深圳市南山区马家龙工业区69栋,深圳市南山区深圳湾科技生态园11栋A座601,南山区,,注册地在深圳
A股,300939,秋田微,电子设备,电子设备制造-电子设备制造,制造业-计算机、通信和其他电子设备制造业,深圳市龙岗区园山街道荷坳金源路39号,深圳市龙岗区园山街道荷坳金源路39号,龙岗区,,注册地在深圳
A股,300940,南极光,电子设备,电子设备制造-电子设备制造,制造业-计算机、通信和其他电子设备制造业,深圳市宝安区松岗街道潭头社区潭头石场房屋一101,深圳市宝安区松岗街道芙蓉路5号,宝安区,,注册地在深圳
A股,300942,易瑞生物,医药生物,化学制药-化学制剂,制造业-医药制造业,深圳市宝安区航城街道三围社区运昌路289号易瑞生物产业园2栋A101,深圳市宝安区航城街道三围社区运昌路289号易瑞生物产业园2栋A101,宝安区,,注册地在深圳
A股,300949,奥雅股份,建筑,建筑施工-园林工程,科学研究和技术服务业-专业技术服务业,深圳市南山区招商街道水湾社区太子路5号新时代广场(二期)1号楼1901-1905,深圳市南山区招商街道水湾社区太子路5号新时代广场(二期)1号楼1901-1905,南山区,,注册地在深圳
A股,300951,博硕科技,电子设备,电子器件-其他电子器件,制造业-计算机、通信和其他电子设备制造业,深圳市龙岗区宝龙街道宝龙社区新能源二路博创科技大厦2栋厂房101(一照多址企业),深圳市龙岗区宝龙街道同乐社区水田路26号,龙岗区,,注册地在深圳
A股,300960,通业科技,交运设备,其他交运设备-其他交运设备,制造业-铁路、船舶、航空航天和其他运输设备制造业,深圳市龙华区观澜街道桂花社区观光路1231号美泰工业园3栋厂房101,深圳市龙华区观澜街道桂花社区观光路1231号美泰工业园3栋厂房101,龙华区,,注册地在深圳
A股,300961,深水海纳,公用事业,环保-环保,水利、环境和公共设施管理业-生态保护和环境治理业,广东省深圳市南山区西丽街道西丽社区打石一路深圳国际创新谷六栋B座19层、A座19层,深圳市南山区西丽街道西丽社区打石一路深圳国际创新谷六栋B座19层、A座19层,南山区,,注册地在深圳
A股,300962,中金辐照,休闲、生活及专业服务,专业服务-其他专业服务,制造业-其他制造业,深圳市罗湖区东晓街道绿景社区布吉路1028号中设广场B栋19层,深圳市罗湖区东晓街道绿景社区布吉路1028号中设广场B栋19层,罗湖区,,注册地在深圳
A股,300977,深圳瑞捷,休闲、生活及专业服务,专业服务-其他专业服务,科学研究和技术服务业-专业技术服务业,深圳市龙岗区坂田街道南坑社区雅星路8号星河WORLD双子塔.东塔26层,深圳市龙岗区坂田街道南坑社区雅星路8号星河WORLD双子塔.东塔26层,龙岗区,,注册地在深圳
A股,300989,蕾奥规划,休闲、生活及专业服务,专业服务-其他专业服务,科学研究和技术服务业-专业技术服务业,深圳市福田区华富街道新田社区深南大道1006号深圳国际创新中心C座二十一层,深圳市南山区沙河街道天健创智中心A塔5-8楼、11楼、14楼;深圳市福田区深南大道1006号深圳国际创新中心C栋第12层、21层,福田区,,注册地在深圳
A股,300991,创益通,电子设备,电子元件-电子元件,制造业-计算机、通信和其他电子设备制造业,深圳市光明区凤凰街道东坑社区长丰工业园第4栋101-501、第11栋,深圳市光明区凤凰街道东坑社区长丰工业园第4栋101-501、第11栋,光明区,,注册地在深圳
A股,301002,崧盛股份,电子设备,电子元件-电子元件,制造业-计算机、通信和其他电子设备制造业,深圳市宝安区新桥街道新桥社区中心路233号鹏展汇1栋1001,深圳市宝安区新桥街道新桥社区中心路233号鹏展汇1栋1001,宝安区,,注册地在深圳
A股,301013,利和兴,机械设备,专用设备-其他专用机械,制造业-专用设备制造业,深圳市龙华区观湖街道松轩社区环观中路308号立伟工业园厂房四102,深圳市龙华区民塘路385号汇德大厦1号写字楼21层,龙华区,,注册地在深圳
A股,301021,英诺激光,电子设备,电子设备制造-电子设备制造,制造业-计算机、通信和其他电子设备制造业,深圳市南山区创智云城大厦(工业区)1标段1栋A座11层01号,深圳市南山区西丽街道创智云城大厦(工业区)1标段1栋A座11层01号,南山区,,注册地在深圳
A股,301038,深水规院,休闲、生活及专业服务,专业服务-其他专业服务,科学研究和技术服务业-专业技术服务业,深圳市龙华区民治街道北站社区龙华设计产业园总部大厦4栋1301,深圳市龙华区民治街道北站社区龙华设计产业园总部大厦4栋,龙华区,,注册地在深圳
A股,301039,中集车辆,交运设备,汽车-商用车,制造业-汽车制造业,中国广东省深圳市南山区蛇口港湾大道2号,中国深圳市南山区蛇口港湾大道2号、中国深圳市南山蛇口太子广场18楼、32楼,南山区,,注册地在深圳
A股,301041,金百泽,电子设备,电子元件-电子元件,制造业-计算机、通信和其他电子设备制造业,深圳市福田区梅林街道梅都社区中康路136号深圳新一代产业园1栋1501,深圳市福田区梅林中康路新一代产业园1栋15楼,福田区,,注册地在深圳
A股,301051,信濠光电,电子设备,电子器件-其他电子器件,制造业-计算机、通信和其他电子设备制造业,深圳市宝安区新安街道中粮创芯研发中心2栋03层303,广东省东莞市松山湖园区工业北三路2号,宝安区,,注册地在深圳
A股,301067,显盈科技,电子设备,电子器件-其他电子器件,制造业-计算机、通信和其他电子设备制造业,深圳市宝安区新安街道兴东社区70区润坊路5号润智研发中心1栋9F903,深圳市宝安区新安街道兴东社区70区润坊路5号润智研发中心1栋9F903、904,宝安区,,注册地在深圳
A股,301086,鸿富瀚,电子设备,消费电子设备-消费电子设备,制造业-计算机、通信和其他电子设备制造业,深圳市龙岗区宝龙街道宝龙社区拓新路11号鸿富瀚科技大楼1栋101,广东省深圳市龙岗区宝龙街道宝龙社区拓新路11号鸿富瀚科技大楼,龙岗区,,注册地在深圳
A股,301091,深城交,休闲、生活及专业服务,专业服务-其他专业服务,科学研究和技术服务业-专业技术服务业,广东省深圳市龙华区民治街道北站社区龙华设计产业园总部大厦1栋1101,广东省深圳市龙华区民治街道北站社区龙华设计产业园总部大厦1栋1101,龙华区,,注册地在深圳
A股,301128,强瑞技术,机械设备,专用设备-其他专用机械,制造业-专用设备制造业,深圳市龙华区观湖街道樟坑径社区安澜路308号C栋厂房101至501(一照多址企业),"深圳市龙华区观湖街道樟坑径社区安澜路308号C栋厂房101至501(一照多址企业),广东省深圳市龙华区观澜街道新澜社区观光路1301-11号101至401",龙华区,,注册地在深圳
A股,301177,迪阿股份,轻工制造,珠宝首饰-珠宝首饰,批发和零售业-零售业,深圳市南山区粤海街道大冲社区华润置地大厦C座1308,深圳市南山区华润置地大厦C座12层及13层,南山区,,注册地在深圳
A股,301189,奥尼电子,电子设备,消费电子设备-消费电子设备,制造业-计算机、通信和其他电子设备制造业,"深圳市宝安区新安街道留仙二路鸿辉工业园5#厂房2楼、3楼、6楼、7楼,8楼西半层,9楼","深圳市宝安区新安街道留仙二路鸿辉工业园5#厂房2楼、3楼、6楼、7楼,8楼西半层,9楼",宝安区,,注册地在深圳
A股,301191,菲菱科思,信息技术,通信设备-通信终端设备,制造业-计算机、通信和其他电子设备制造业,深圳市宝安区福海街道福园一路润恒工业厂区3#厂房201,深圳市宝安区福海街道高新开发区建安路德的工业园A栋,宝安区,,注册地在深圳
A股,301200,大族数控,机械设备,专用设备-其他专用机械,制造业-专用设备制造业,深圳市宝安区福海街道和平社区重庆路12号大族激光智造中心3栋厂房101、3栋1楼、3栋2楼、3栋4楼、3栋7楼、4栋1楼、4栋4楼,"深圳市宝安区福海街道重庆路16号大族激光智造中心三栋,香港铜锣湾希慎道33号利园一期19楼1916室",宝安区,,注册地在深圳
A股,301268,铭利达,机械设备,金属制品-金属制品,制造业-金属制品业,深圳市南山区西丽街道松坪山社区朗山路11号同方信息港F栋3202,广东省东莞市清溪镇罗马先威西路5号,南山区,,注册地在深圳
A股,301288,清研环境,机械设备,专用设备-环保设备,制造业-专用设备制造业,深圳市南山区粤海街道高新区社区高新南七道019号清华大学研究院5层C527,深圳市南山区粤海街道高新区社区高新南七道019号清华大学研究院5层C527,南山区,,注册地在深圳
A股,301305,朗坤科技,公用事业,环保-环保,水利、环境和公共设施管理业-生态保护和环境治理业,深圳市龙岗区坪地街道高桥社区坪桥路2号13楼,深圳市龙岗区坪地街道高桥社区坪桥路2号13楼(朗坤科技园内),龙岗区,,注册地在深圳
A股,301308,江波龙,电子设备,电子设备制造-电子设备制造,制造业-计算机、通信和其他电子设备制造业,深圳市前海深港合作区南山街道听海大道5059号鸿荣源前海金融中心二期B座2001、2201、2301,深圳市前海深港合作区南山街道听海大道5059号鸿荣源前海金融中心二期B座2001、2201、2301,前海深港合作区,,注册地在深圳
A股,301312,智立方,机械设备,专用设备-其他专用机械,制造业-专用设备制造业,深圳市宝安区石岩街道塘头社区厂房A栋1层至5层,深圳市宝安区石岩街道塘头社区厂房A栋1层至5层,宝安区,,注册地在深圳
A股,301318,维海德,电子设备,电子设备制造-电子设备制造,制造业-计算机、通信和其他电子设备制造业,深圳市宝安区新安街道鸿辉工业园2号2-3层,深圳市宝安区新安街道鸿辉工业园2号2-3层,宝安区,,注册地在深圳
A股,301319,唯特偶,电子设备,电子元件-电子元件,制造业-计算机、通信和其他电子设备制造业,深圳市龙岗区宝龙街道同乐社区水田一路18号唯特偶工业园,深圳市龙岗区宝龙街道同乐社区水田一路18号唯特偶工业园,龙岗区,,注册地在深圳
A股,301325,曼恩斯特,机械设备,专用设备-其他专用机械,制造业-专用设备制造业,深圳市坪山区龙田街道竹坑社区第三工业区C区3号厂房101-201,深圳市坪山区龙田街道竹坑社区第三工业区C区3号厂房101-201,坪山区,,注册地在深圳
A股,301327,华宝新能,电气设备,电源设备-储能设备,制造业-电气机械和器材制造业,深圳市龙华区大浪街道同胜社区华繁路东侧嘉安达科技工业园厂房七2层、3层(一照多址企业),深圳市龙华区民治街道华侨城北站壹号39层,龙华区,,注册地在深圳
A股,301362,民爆光电,家电,照明设备-照明设备,制造业-电气机械和器材制造业,深圳市宝安区福永街道(福园一路西侧)润恒工业厂区2#厂房第二、三、四、五层,深圳市宝安区福永街道(福园一路西侧)润恒工业厂区2#厂房,宝安区,,注册地在深圳
A股,301363,美好医疗,医药生物,医疗器械-医疗器械,制造业-专用设备制造业,深圳市龙岗区宝龙街道宝龙社区宝龙三路8号美好创亿大厦2号厂房101-1701(一照多址企业),深圳市龙岗区宝龙街道宝龙六路3号新中桥工业园B栋2楼,龙岗区,,注册地在深圳
A股,301365,矩阵股份,建筑,装修装饰-装修装饰,科学研究和技术服务业-专业技术服务业,深圳市福田区莲花街道福中社区福田中心区金田路4036号荣超大厦17层1701、1702,深圳市福田区莲花街道福中社区福田中心区金田路4036号荣超大厦17层1701、1702,福田区,,注册地在深圳
A股,301366,一博科技,电子设备,电子器件-其他电子器件,制造业-计算机、通信和其他电子设备制造业,深圳市南山区粤海街道深大社区深南大道9819号地铁金融科技大厦11F,深圳市南山区粤海街道深大社区深南大道9819号地铁金融科技大厦11F,南山区,,注册地在深圳
A股,301381,赛维时代,互联网,互联网商务-电子商务B2B,批发和零售业-零售业,深圳市龙岗区南湾街道上李朗社区康利城6号1001,深圳市龙岗区南湾街道上李朗社区康利城6号1001,龙岗区,,注册地在深圳
A股,301387,光大同创,电子设备,消费电子设备-消费电子设备,制造业-计算机、通信和其他电子设备制造业,深圳市光明区玉塘街道田察社区同观路十九号路10号九洲工业园厂房2栋102,深圳市南山区深南大道与科苑南路交汇处深铁金融科技大厦2601,光明区,,注册地在深圳
A股,301391,卡莱特,信息技术,计算机硬件-专用计算机设备,制造业-计算机、通信和其他电子设备制造业,深圳市南山区西丽街道西丽社区打石一路深圳国际创新谷八栋A座3801(37-39层)(一照多址企业),深圳市南山区西丽街道西丽社区打石一路深圳国际创新谷八栋A座3801(37-39层),南山区,,注册地在深圳
A股,301413,安培龙,机械设备,通用设备-仪器仪表,制造业-计算机、通信和其他电子设备制造业,深圳市坪山区坑梓街道金沙社区聚园路1号安培龙智能传感器产业园1A栋201、1A栋、1B栋、2栋,深圳市坪山区坑梓街道金沙社区聚园路1号安培龙智能传感器产业园1A栋201、1A栋、1B栋、2栋,坪山区,,注册地在深圳
A股,301449,天溯计量,休闲、生活及专业服务,专业服务-其他专业服务,科学研究和技术服务业-专业技术服务业,深圳市龙岗区宝龙街道宝龙社区锦龙大道2号1栋1层-6层、4栋1层-5层、2栋1层-2层,深圳市龙岗区宝龙街道宝龙社区锦龙大道2号1栋1层-6层、4栋1层-5层、2栋1层-2层,龙岗区,,注册地在深圳
A股,301486,致尚科技,电子设备,消费电子设备-消费电子设备,制造业-计算机、通信和其他电子设备制造业,深圳市光明区马田街道马山头社区致尚科技园A栋一层,深圳市光明区马田街道马山头社区致尚科技园A栋一层,光明区,,注册地在深圳
A股,301488,豪恩汽电,电子设备,电子设备制造-电子设备制造,制造业-计算机、通信和其他电子设备制造业,深圳市龙华区大浪街道上横朗社区同富裕第三功能区豪恩科技集团股份有限公司厂房A号3层B号第1层、第2层、第3层、第4层,深圳市龙华区大浪街道上横朗社区同富裕第三功能区豪恩科技集团股份有限公司厂房A号3层B号第1层、第2层、第3层、第4层,龙华区,,注册地在深圳
A股,301510,固高科技,机械设备,通用设备-仪器仪表,制造业-仪器仪表制造业,深圳市南山区高新区南区深港产学研基地西座二楼W211室,深圳市南山区高新区南区深港产学研基地西座二楼W211室,南山区,,注册地在深圳
A股,301512,智信精密,电子设备,电子设备制造-电子设备制造,制造业-专用设备制造业,深圳市龙华区观澜街道大富社区建优路8号精密智造大厦2栋厂房101,深圳市龙华区观澜街道大富社区建优路8号精密智造大厦2栋厂房101,龙华区,,注册地在深圳
A股,301513,尚水智能,机械设备,专用设备-其他专用机械,制造业-专用设备制造业,深圳市坪山区坑梓街道沙田社区深圳市尚水智能股份有限公司1栋101,深圳市坪山区坑梓街道沙田社区深圳市尚水智能股份有限公司1栋101,坪山区,,注册地在深圳
A股,301516,中远通,电气设备,电源设备-其他电源设备,制造业-计算机、通信和其他电子设备制造业,深圳市龙岗区宝龙街道宝龙社区宝龙二路36号核达中远通A座厂房1层-9层、B座1-7层、C座1-9层,深圳市龙岗区宝龙街道宝龙社区宝龙二路36号核达中远通A座厂房1层-9层、B座1-7层、C座1-9层,龙岗区,,注册地在深圳
A股,301538,骏鼎达,基础化工,化学制品-塑料制品,制造业-橡胶和塑料制品业,深圳市宝安区松岗街道潭头社区芙华路4号1栋701,深圳市宝安区松岗街道潭头社区芙华路4号1栋芙蓉科技大厦7楼,宝安区,,注册地在深圳
A股,301558,三态股份,互联网,互联网商务-电子商务B2B,批发和零售业-零售业,深圳市南山区粤海街道滨海社区海天二路25号深圳湾创业投资大厦3901,深圳市南山区粤海街道滨海社区海天二路25号深圳湾创业投资大厦3901,南山区,,注册地在深圳
A股,301590,优优绿能,电气设备,其他电气设备-其他电气设备,制造业-电气机械和器材制造业,深圳市光明区玉塘街道田寮社区同观路华力特工业园第1栋301,"深圳市光明区玉塘街道田寮社区同观路华力特工业园第1栋,深圳市光明区玉塘街道田寮社区同观路远望谷射频识别产业园2栋",光明区,,注册地在深圳
A股,301606,绿联科技,电子设备,消费电子设备-消费电子设备,制造业-计算机、通信和其他电子设备制造业,深圳市龙华区大浪街道高峰社区龙城工贸御安厂区7号办公楼1层-6层、6栋厂房4楼,深圳市龙华区大浪街道高峰社区龙城工贸御安厂区7号办公楼1层-6层、6栋厂房4楼,龙华区,,注册地在深圳
A股,301608,博实结,电子设备,电子设备制造-电子设备制造,制造业-计算机、通信和其他电子设备制造业,深圳市龙华区民治街道北站社区汇德大厦1号楼2701、2702、2703,深圳市龙华区民治街道北站社区汇德大厦1号楼2701、2702、2703,龙华区,,注册地在深圳
A股,301628,强达电路,电子设备,电子元件-电子元件,制造业-计算机、通信和其他电子设备制造业,深圳市宝安区福海街道展城社区福园一路3号福发工业园A-1栋厂房101-401(一照多址企业),深圳市宝安区福海街道展城社区福园一路3号福发工业园A-1栋厂房101-401,宝安区,,注册地在深圳
A股,301629,矽电股份,电子设备,半导体-半导体分立器件,制造业-专用设备制造业,深圳市龙岗区龙城街道黄阁坑社区龙城工业园3号厂房三楼东区、五楼中西区,深圳市龙岗区龙城街道黄阁坑社区龙城工业园3号厂房三楼东区、五楼中西区,龙岗区,,注册地在深圳
A股,301631,壹连科技,电子设备,电子元件-电子元件,制造业-计算机、通信和其他电子设备制造业,"深圳市宝安区燕罗街道燕川社区大华路1号A栋厂房103-501,B栋厂房301-501(一照多址企业)",深圳市宝安区燕罗街道燕川社区大华路1号A栋厂房5楼,宝安区,,注册地在深圳
A股,301658,首航新能,电气设备,其他电气设备-其他电气设备,制造业-电气机械和器材制造业,深圳市宝安区新安街道兴东社区67区高新奇科技楼11层,深圳市宝安区新安街道兴东社区70区创业二路526号科创大厦A栋28层,宝安区,,注册地在深圳
A股,301666,大普微,信息技术,计算机硬件-专用计算机设备,制造业-计算机、通信和其他电子设备制造业,深圳市龙岗区龙城街道黄阁坑社区腾飞路9号创投大厦3501,深圳市龙岗区龙城街道黄阁坑社区腾飞路9号创投大厦3501,龙岗区,,注册地在深圳
A股,600380,健康元,医药生物,化学制药-化学制剂,制造业-医药制造业,深圳市南山区高新区北区朗山路17号健康元药业集团大厦,广东省深圳市南山区高新区北区朗山路17号健康元药业集团大厦,南山区,,注册地在深圳
A股,600446,金证股份,信息技术,计算机软件-行业应用软件,信息传输、软件和信息技术服务业-软件和信息技术服务业,深圳市南山区高新南五道金证科技大楼(8-9楼),深圳市南山区高新南五道金证科技大楼(8-9楼),南山区,,注册地在深圳
A股,600525,长园集团,电气设备,输变电设备-其他输变电设备,制造业-电气机械和器材制造业,深圳市南山区高新区科苑中路长园新材料港1号高科技厂房,深圳市南山区高新区科苑中路长园新材料港1号高科技厂房,南山区,,注册地在深圳
A股,600548,深高速,交通运输,公路铁路-高速公路,交通运输、仓储和邮政业-道路运输业,深圳市龙华新区福城街道福民收费站,深圳市南山区深南大道9968号汉京金融中心46楼,—,,注册地在深圳
A股,600892,大晟文化,互联网,互联网服务-游戏娱乐,信息传输、软件和信息技术服务业-互联网和相关服务,深圳市罗湖区东门街道城东社区深南东路2028号罗湖商务中心213,深圳市福田区景田北一街28-1邮政综合楼6楼,罗湖区,,注册地在深圳
A股,601138,工业富联,电子设备,消费电子设备-消费电子设备,制造业-计算机、通信和其他电子设备制造业,深圳市龙华区龙华街道东环二路二号富士康科技园C1栋二层,深圳市龙华区龙华街道东环二路二号富士康科技园C1栋二层,龙华区,,注册地在深圳
A股,601139,深圳燃气,公用事业,燃气-燃气,电力、热力、燃气及水生产和供应业-燃气生产和供应业,深圳市福田区梅坳一路268号,深圳市福田区梅坳一路268号,福田区,,注册地在深圳
A股,601330,绿色动力,公用事业,环保-环保,水利、环境和公共设施管理业-生态保护和环境治理业,深圳市南山区科技南十二路007号九洲电器大厦二楼,"深圳市南山区科技南十二路九洲电器大厦二楼,香港苏杭街104号秀平商业大厦1楼",南山区,,注册地在深圳
A股,601333,广深铁路,交通运输,公路铁路-铁路运输,交通运输、仓储和邮政业-铁路运输业,广东省深圳市罗湖区和平路1052号,广东省深圳市罗湖区和平路1052号,罗湖区,,注册地在深圳
A股,603063,禾望电气,电气设备,输变电设备-电气自控设备,制造业-电气机械和器材制造业,广东省深圳市福田区沙头街道天安社区滨河路与香蜜湖路交汇处天安创新科技广场(二期)六层西座609室,深圳市南山区西丽官龙村第二工业区11栋,福田区,,注册地在深圳
A股,603118,共进股份,信息技术,通信设备-通信终端设备,制造业-计算机、通信和其他电子设备制造业,深圳市坪山区坑梓街道丹梓北路2号,深圳市坪山区坑梓街道丹梓北路2号,坪山区,,注册地在深圳
A股,603160,汇顶科技,电子设备,电子元件-电子元件,制造业-计算机、通信和其他电子设备制造业,深圳市福田保税区腾飞工业大厦B座13层,深圳市福田区梅康路1号汇顶科技总部大厦26楼,—,,注册地在深圳
A股,603228,景旺电子,电子设备,电子元件-电子元件,制造业-计算机、通信和其他电子设备制造业,深圳市宝安区西乡街道铁岗水库路166号,深圳市光明区凤凰街道东坑社区光源三路158号景旺电子大厦,宝安区,,注册地在深圳
A股,603808,歌力思,纺织服装,服装家纺-服装,制造业-纺织服装、服饰业,深圳市福田区沙头街道天安社区泰然四路85号泰然立城B座1201,深圳市福田区沙头街道天安社区泰然四路85号泰然立城B座1201,福田区,,注册地在深圳
A股,603978,深圳新星,有色金属,金属非金属新材料-其他金属新材料,制造业-有色金属冶炼和压延加工业,深圳市宝安区观光路公明镇高新技术产业园新星厂区A栋,深圳市宝安区观光路公明镇高新技术产业园新星厂区A栋,宝安区,,注册地在深圳
A股,603991,领先股份,电子设备,半导体-半导体材料,制造业-橡胶和塑料制品业,深圳市南山区桃源街道朗山社区留仙大道3333号塘朗城广场(西区)A座、B座、C座A座4001,深圳市南山区桃源街道朗山社区留仙大道3333号塘朗城广场(西区)A座40层,南山区,,注册地在深圳
A股,605499,东鹏饮料,食品饮料,饮料-软饮料,制造业-酒、饮料和精制茶制造业,深圳市南山区桃源街道珠光北路142号众冠红花岭工业西区3栋1楼,广东省深圳市南山区桃源街道明亮科技园88号3栋1楼-3楼,南山区,,注册地在深圳
A股,688007,光峰科技,家电,视听器材-视听器材,制造业-计算机、通信和其他电子设备制造业,深圳市南山区西丽街道西丽社区仙洞路8号光峰科技总部大厦4层-7层、2905-2907、31层-32层,深圳市南山区西丽街道仙洞路8号光峰科技总部大厦,南山区,,注册地在深圳
A股,688025,杰普特,电子设备,电子设备制造-电子设备制造,制造业-计算机、通信和其他电子设备制造业,深圳市龙华区观湖街道鹭湖社区观盛五路8-1号科姆龙科技园A栋1201,深圳市龙华区观湖街道鹭湖社区观盛五路8-1号科姆龙科技园A栋1201,龙华区,,注册地在深圳
A股,688036,传音控股,电子设备,消费电子设备-消费电子设备,制造业-计算机、通信和其他电子设备制造业,深圳市南山区西丽街道西丽社区仙元路8号传音大厦24楼一单元,深圳市南山区西丽街道西丽社区仙元路8号传音大厦,南山区,,注册地在深圳
A股,688045,必易微,电子设备,半导体-集成电路,信息传输、软件和信息技术服务业-软件和信息技术服务业,深圳市南山区西丽街道西丽社区打石二路万科云城六期一栋云中城B3303,深圳市南山区西丽街道西丽社区打石二路万科云城六期一栋云中城B3303,南山区,,注册地在深圳
A股,688112,鼎阳科技,机械设备,通用设备-仪器仪表,制造业-仪器仪表制造业,深圳市宝安区新安街道兴东社区68区安通达工业厂区5栋办公楼1层-4层、4栋厂房3层-4层(一照多址企业),深圳市宝安区新安街道兴东社区68区安通达工业厂区4栋厂房3-4层、5栋办公楼1-4层;深圳市宝安区71区留仙一路二巷26号轻工厂房一栋1-7层,宝安区,,注册地在深圳
A股,688114,华大智造,医药生物,医疗器械-医疗器械,制造业-专用设备制造业,深圳市盐田区北山工业区综合楼及11栋2楼,深圳市盐田区北山工业区综合楼及11栋2楼,盐田区,,注册地在深圳
A股,688132,邦彦技术,信息技术,通信设备-通信终端设备,制造业-计算机、通信和其他电子设备制造业,深圳市龙岗区园山街道大康社区志鹤路100号2101(一照多址企业),深圳市龙岗区园山街道大康社区志鹤路100号2101,龙岗区,,注册地在深圳
A股,688138,清溢光电,电子设备,半导体-半导体材料,制造业-计算机、通信和其他电子设备制造业,深圳市南山区朗山二路北清溢光电大楼,深圳市南山区朗山二路北清溢光电大楼,南山区,,注册地在深圳
A股,688159,有方科技,信息技术,通信设备-通信终端设备,制造业-计算机、通信和其他电子设备制造业,深圳市龙华区民治街道北站社区汇德大厦1号楼4401室,深圳市龙华区民治街道北站社区汇德大厦1号楼43-44楼,龙华区,,注册地在深圳
A股,688208,道通科技,信息技术,计算机硬件-专用计算机设备,制造业-计算机、通信和其他电子设备制造业,深圳市南山区西丽街道松坪山社区高新北六道36号彩虹科技大楼二层,深圳市南山区西丽街道松坪山社区高新北六道36号彩虹科技大楼,南山区,,注册地在深圳
A股,688209,英集芯,电子设备,电子元件-电子元件,制造业-计算机、通信和其他电子设备制造业,深圳市南山区西丽街道西丽社区打石一路深圳国际创新谷八栋A座4301,珠海市香洲区唐家湾镇港湾一号港7栋3层,南山区,,注册地在深圳
A股,688210,统联精密,电子设备,电子设备制造-电子设备制造,制造业-计算机、通信和其他电子设备制造业,深圳市龙华区观湖街道松轩社区环观中路282号厂房四101、B栋一楼、D栋(整栋),深圳市龙华区观湖街道松轩社区环观中路282号厂房四101、B栋一楼、D栋(整栋),龙华区,,注册地在深圳
A股,688216,气派科技,电子设备,半导体-集成电路,制造业-计算机、通信和其他电子设备制造业,深圳市龙岗区平湖街道辅城坳社区平龙西路250号1#厂房301-2,广东省东莞市石排镇气派科技路气派大厦,龙岗区,,注册地在深圳
A股,688252,天德钰,电子设备,半导体-集成电路,信息传输、软件和信息技术服务业-软件和信息技术服务业,深圳市前海深港合作区南山街道桂湾四路55号前海华润金融中心T2号写字楼601,深圳市南山区粤海街道高新区社区高新南一道002号飞亚达科技大厦西座901,前海深港合作区,,注册地在深圳
A股,688279,峰岹科技,电子设备,半导体-集成电路,信息传输、软件和信息技术服务业-软件和信息技术服务业,深圳市南山区高新中区科技中2路1号深圳软件园(2期)11栋203室,"深圳市南山区高新中区科技中2路1号深圳软件园(2期)11栋203室,香港湾仔皇后大道东248号大新金融中心40楼",南山区,,注册地在深圳
A股,688312,燕麦科技,机械设备,专用设备-其他专用机械,制造业-专用设备制造业,深圳市光明区凤凰街道凤凰社区观光路招商局光明科技园A1A2栋A2栋308,深圳市光明新区凤凰街道高新技术产业园区邦凯路9号邦凯科技城2号C栋厂房1、2、3楼,光明区,,注册地在深圳
A股,688318,财富趋势,信息技术,计算机软件-其他软件服务,信息传输、软件和信息技术服务业-软件和信息技术服务业,深圳市福田区梅林街道梅都社区中康路136号深圳新一代产业园5栋1801,深圳市福田区梅林街道梅都社区中康路136号深圳新一代产业园5栋1801,福田区,,注册地在深圳
A股,688321,微芯生物,医药生物,化学制药-化学制剂,制造业-医药制造业,深圳市南山区西丽街道曙光社区智谷产业园B栋21F-24F,深圳市南山区西丽街道曙光社区智谷产业园B栋21F-24F,南山区,,注册地在深圳
A股,688322,奥比中光,电子设备,电子设备制造-电子设备制造,制造业-计算机、通信和其他电子设备制造业,深圳市南山区西丽街道松坪山社区高新北一道88号奥比科技大厦2001,深圳市南山区西丽街道松坪山社区高新北一道88号奥比科技大厦,南山区,,注册地在深圳
A股,688323,瑞华泰,基础化工,化学制品-塑料制品,制造业-橡胶和塑料制品业,深圳市宝安区松岗街道办华美工业园,深圳市宝安区松岗街道办华美工业园,宝安区,,注册地在深圳
A股,688328,深科达,机械设备,专用设备-其他专用机械,制造业-专用设备制造业,深圳市宝安区西乡街道龙腾社区汇智研发中心BC座B1001,深圳市宝安区西乡街道龙腾社区汇智研发中心B座10层,宝安区,,注册地在深圳
A股,688332,中科蓝讯,电子设备,半导体-集成电路,制造业-计算机、通信和其他电子设备制造业,深圳市南山区沙河街道高发社区侨香路4068号智慧广场A栋1301-1,深圳市南山区沙河街道高发社区侨香路4068号智慧广场A栋1301-1,南山区,,注册地在深圳
A股,688343,云天励飞,信息技术,计算机软件-行业应用软件,信息传输、软件和信息技术服务业-软件和信息技术服务业,深圳市龙岗区园山街道荷坳社区龙岗大道8288号大运软件小镇36栋4F05(在深圳市龙岗区龙岗街道龙城大道29号龙年大厦1701处设有经营场所从事经营活动),深圳市南山区粤海街道深圳湾科技生态园10栋B座14-15楼、33楼,龙岗区,,注册地在深圳
A股,688361,中科飞测,机械设备,专用设备-其他专用机械,制造业-专用设备制造业,深圳市龙华区观澜街道新澜社区观光路1301-14号101、102,深圳市龙华区观澜街道观光路银星科技园1301号,龙华区,,注册地在深圳
A股,688380,中微半导,电子设备,半导体-集成电路,制造业-计算机、通信和其他电子设备制造业,深圳市前海深港合作区南山街道桂湾三路91号景兴海上大厦2102室,"深圳市前海深港合作区南山街道桂湾三路91号景兴海上大厦2101,香港铜锣湾勿地臣街1号时代广场二座31楼",前海深港合作区,,注册地在深圳
A股,688383,新益昌,机械设备,专用设备-其他专用机械,制造业-专用设备制造业,深圳市宝安区新安街道海旺社区兴业路1088号瑞湾大厦1501,深圳市宝安区新安街道海旺社区兴业路1088号瑞湾大厦1501,宝安区,,注册地在深圳
A股,688389,普门科技,医药生物,医疗器械-医疗器械,制造业-专用设备制造业,广东省深圳市龙华区观湖街道观城社区求知东路8号普门科技总部大厦,深圳市龙华区观湖街道观城社区求知东路8号普门科技总部大厦,龙华区,,注册地在深圳
A股,688395,正弦电气,电气设备,电机-电机,制造业-电气机械和器材制造业,深圳市宝安区新安街道兴东社区70区润坊路5号润智研发中心1栋8F803,深圳市宝安区新安街道兴东社区70区润坊路5号润智研发中心1栋8F803,宝安区,,注册地在深圳
A股,688401,路维光电,电子设备,光电子器件-光学元件,制造业-计算机、通信和其他电子设备制造业,深圳市南山区南山街道桂湾社区梦海大道5035号前海华润金融中心T5写字楼801,深圳市南山区南山街道桂湾社区梦海大道5035号华润前海大厦A座9楼,南山区,,注册地在深圳
A股,688418,震有科技,信息技术,通信设备-通信传输设备,制造业-计算机、通信和其他电子设备制造业,深圳市光明区凤凰街道东坑社区光明凤凰广场2栋2801,深圳市光明区凤凰街道东坑社区光明凤凰广场2栋2801,光明区,,注册地在深圳
A股,688518,联赢激光,机械设备,专用设备-其他专用机械,制造业-专用设备制造业,深圳市坪山区坑梓街道沙田社区荣沙路18号A栋联赢大厦101,深圳市福田区紫竹六道49号建安山海中心6B,坪山区,,注册地在深圳
A股,688525,佰维存储,电子设备,电子设备制造-电子设备制造,制造业-计算机、通信和其他电子设备制造业,深圳市南山区桃源街道平山社区留仙大道1213号众冠红花岭工业南区2区4、8栋1层-3层及4栋4层,深圳市南山区桃源街道平山社区留仙大道1213号众冠红花岭工业南区2区4、8栋1层-3层及4栋4层,南山区,,注册地在深圳
A股,688559,海目星,机械设备,专用设备-其他专用机械,制造业-专用设备制造业,深圳市龙华区观湖街道鹭湖社区观盛五路科姆龙科技园B栋301,深圳市龙华区观湖街道鹭湖社区观盛五路科姆龙科技园B栋,龙华区,,注册地在深圳
A股,688573,信宇人,电子设备,电子设备制造-电子设备制造,制造业-专用设备制造业,深圳市龙岗区龙城街道回龙埔社区鸿峰(龙岗)工业厂区2号厂房一楼、二楼、三楼、四楼,深圳市龙岗区龙城街道回龙埔社区鸿峰(龙岗)工业厂区2号厂房一楼、二楼、三楼、四楼,龙岗区,,注册地在深圳
A股,688575,亚辉龙,医药生物,医疗器械-医疗器械,制造业-医药制造业,深圳市龙岗区宝龙街道宝龙二路亚辉龙生物科技厂区1栋,深圳市龙岗区宝龙街道宝龙二路亚辉龙生物科技厂区1栋,龙岗区,,注册地在深圳
A股,688589,力合微,电子设备,半导体-集成电路,信息传输、软件和信息技术服务业-软件和信息技术服务业,深圳市南山区西丽街道高新技术产业园清华信息港科研楼11楼1101,深圳市南山区西丽街道高新技术产业园清华信息港科研楼11楼1101,南山区,,注册地在深圳
A股,688595,芯海科技,电子设备,半导体-集成电路,制造业-计算机、通信和其他电子设备制造业,深圳市南山区粤海街道高新区社区科苑大道深圳湾创新科技中心1栋301,深圳市南山区粤海街道科苑大道高新区社区深圳湾创新科技中心1栋301,南山区,,注册地在深圳
A股,688612,威迈斯,交运设备,汽车-汽车零部件,制造业-汽车制造业,深圳市南山区北环路第五工业区风云科技大楼501之一,深圳市南山区北环路第五工业区风云科技大楼501之一,南山区,,注册地在深圳
A股,688617,惠泰医疗,医药生物,医疗器械-医疗器械,制造业-专用设备制造业,深圳市南山区西丽街道松坪山社区松坪山朗山路11号同方信息港B栋601,深圳市南山区西丽街道松坪山社区松坪山朗山路11号同方信息港B栋601,南山区,,注册地在深圳
A股,688618,三旺通信,互联网,互联网服务-其他互联网服务,制造业-计算机、通信和其他电子设备制造业,深圳市南山区西丽街道百旺信高科技工业园1区3栋,深圳市南山区西丽街道百旺信高科技工业园1区3栋,南山区,,注册地在深圳
A股,688627,精智达,电子设备,电子设备制造-电子设备制造,制造业-专用设备制造业,深圳市龙华区龙华街道清湖社区清湖村富安娜公司1号101工业园D栋1楼东,深圳市龙华区龙华街道清湖社区清湖村富安娜公司1号101工业园D栋1楼东,龙华区,,注册地在深圳
A股,688638,誉辰智能,机械设备,专用设备-其他专用机械,制造业-专用设备制造业,深圳市宝安区沙井街道共和社区新和大道丽城科技工业园M栋一层至六层,深圳市宝安区宝安大道4018号华丰国际商务大厦17楼,宝安区,,注册地在深圳
A股,688655,迅捷兴,电子设备,电子器件-其他电子器件,制造业-计算机、通信和其他电子设备制造业,深圳市宝安区沙井街道沙头社区沙井南环路446号星展广场1栋A座24楼,深圳市宝安区沙井街道南环路446号星展广场1栋A座24楼,宝安区,,注册地在深圳
A股,688671,碧兴物联,机械设备,通用设备-仪器仪表,制造业-仪器仪表制造业,深圳市宝安区新安街道兴东社区67区留仙三路1号润恒工业区厂房2栋301,广东省深圳市宝安区西乡街道龙腾社区汇智研发中心C座15-17楼,宝安区,,注册地在深圳
A股,688699,明微电子,电子设备,半导体-集成电路,信息传输、软件和信息技术服务业-软件和信息技术服务业,深圳市南山区粤海街道高新区社区沙河西路1801号国实大厦11A,深圳市南山区粤海街道高新区社区沙河西路1801号国实大厦9-12层,南山区,,注册地在深圳
A股,688712,北芯生命,医药生物,医疗器械-医疗器械,制造业-专用设备制造业,深圳市龙华区民治街道北站社区鸿荣源北站中心A塔2102(一照多址企业),广东省深圳市宝安区新安街道庭威产业园3栋3楼,龙华区,,注册地在深圳
A股,688721,龙图光罩,电子设备,半导体-半导体材料,制造业-计算机、通信和其他电子设备制造业,深圳市宝安区新桥街道象山社区新玉路北侧圣佐治科技工业园4#厂房101,深圳市宝安区新桥街道象山社区新玉路北侧圣佐治科技工业园4#厂房101,宝安区,,注册地在深圳
A股,688726,拉普拉斯,电子设备,电子设备制造-电子设备制造,制造业-电气机械和器材制造业,深圳市坪山区坑梓街道吉康路1号,深圳市坪山区坑梓街道砾田路2号开沃大厦A栋20层,坪山区,,注册地在深圳
A股,688775,影石创新,电子设备,电子设备制造-电子设备制造,制造业-计算机、通信和其他电子设备制造业,"深圳市宝安区新安街道海旺社区兴业路1100号金利通金融中心大厦2栋1101,1102,1103","深圳市宝安区新安街道海旺社区兴业路1100号金利通金融中心大厦2栋1101,1102,1103",宝安区,,注册地在深圳
A股,688785,恒运昌,电子设备,半导体-半导体材料,制造业-专用设备制造业,"深圳市宝安区西乡街道铁岗社区桃花源智创小镇功能配套区B栋101,201,301","深圳市宝安区西乡街道铁岗社区桃花源智创小镇功能配套区B栋101,201,301",宝安区,,注册地在深圳
A股,688788,科思科技,电子设备,电子设备制造-电子设备制造,制造业-计算机、通信和其他电子设备制造业,深圳市南山区粤海街道高新区社区科苑南路3156号深圳湾创新科技中心2栋A座2301、2302、2303、2304,深圳市南山区粤海街道高新区社区科苑南路3156号深圳湾创新科技中心2栋A座2301、2302、2303、2304,南山区,,注册地在深圳
A股,688793,倍轻松,家电,小家电-小家电,制造业-电气机械和器材制造业,深圳市福田区华强北街道深南中路2018号兴华大厦东栋十层整层1071室,深圳市南山区创业路1777号海信南方大厦19楼,福田区,,注册地在深圳
A股,920045,蘅东光,电子设备,光电子器件-光学元件,制造业-计算机、通信和其他电子设备制造业,深圳市宝安区新安街道兴东社区68区留仙三路2号鸿辉工业区4号厂房101、501,深圳市宝安区新安街道兴东社区68区留仙三路2号鸿辉工业区4号厂房101、501,宝安区,,注册地在深圳
A股,920065,千岸科技,互联网,互联网商务-网上购物,批发和零售业-零售业,广东省深圳市南山区南山大道3186号莲花广场B栋1101,广东省深圳市南山区南山大道3186号莲花广场B栋1101,南山区,,注册地在深圳
A股,920075,柏星龙,轻工制造,造纸印刷-包装印刷,制造业-印刷和记录媒介复制业,深圳市罗湖区清水河街道清水河社区清水河一路112号罗湖投资控股大厦裙楼601和1座11整层,深圳市罗湖区清水河街道清水河一路112号罗湖投资控股大厦裙楼1座11楼公司董事会办公室,罗湖区,,注册地在深圳
A股,920176,维琪科技,基础化工,化学制品-日用化学品,制造业-化学原料和化学制品制造业,广东省深圳市南山区桃源街道长源社区学苑大道1001号南山智园D3栋2401,广东省深圳市南山区桃源街道长源社区学苑大道1001号南山智园D3栋2401,南山区,,注册地在深圳
A股,920185,贝特瑞,有色金属,金属非金属新材料-电池材料,制造业-非金属矿物制品业,深圳市光明新区公明办事处西田社区高新技术工业园第1、2、3、4、5、6栋、7栋A、7栋B、8栋,深圳市光明区凤凰街道东坑社区光源四路8号贝特瑞新能源科技大厦,光明新区,,注册地在深圳
A股,920267,鑫汇科,电子设备,电子设备制造-电子设备制造,制造业-计算机、通信和其他电子设备制造业,深圳市光明区凤凰街道塘尾社区光明大道380号尚智科技园1栋A座21层,深圳市光明区凤凰街道塘尾社区光明大道380号尚智科技园1栋A座21层,光明区,,注册地在深圳
A股,920374,云里物里,电子设备,电子器件-其他电子器件,制造业-计算机、通信和其他电子设备制造业,深圳市龙华区龙华街道清华社区清龙路8号港之龙科技园科技孵化中心3层(一照多址企业),深圳市龙华区龙华街道清华社区清龙路6号港之龙科技园科技孵化中心3层,龙华区,,注册地在深圳
A股,920469,富恒新材,基础化工,化学制品-塑料制品,制造业-橡胶和塑料制品业,深圳市宝安区燕罗街道罗田社区广田路48-1号A栋办公综合楼101,深圳市宝安区燕罗街道罗田社区广田路48-1号A栋办公综合楼101,宝安区,,注册地在深圳
A股,920765,美之高,轻工制造,家具-家具制造,制造业-家具制造业,广东省深圳市龙岗区坪地街道坪东社区康明路10号,深圳市罗湖区宝安北路3008号宝能中心E栋33层01-04号,龙岗区,,注册地在深圳
A股,920821,则成电子,电子设备,电子元件-电子元件,制造业-计算机、通信和其他电子设备制造业,深圳市龙岗区南湾街道丹竹头社区康正路48号5、6号楼6号楼102、2楼-4楼,深圳市龙岗区南湾街道丹竹头社区康正路48号莲塘工业区6栋3楼,龙岗区,,注册地在深圳
A股,920876,慧为智能,电子设备,消费电子设备-消费电子设备,制造业-计算机、通信和其他电子设备制造业,广东省深圳市南山区桃源街道长源社区学苑大道1001号南山智园A4栋1201,深圳市南山区桃源街道长源社区学苑大道1001号南山智园A4栋1201,南山区,,注册地在深圳
A股(边界),000534,万泽股份,医药生物,生物医药-生物医药,制造业-医药制造业,广东省汕头市珠池路23号光明大厦B幢8楼,深圳市福田区福田街道皇岗社区福强路2016号云顶翠峰裙楼一楼,福田区,,办公地在深圳
A股(边界),000810,创维数字,信息技术,通信设备-通信传输设备,制造业-计算机、通信和其他电子设备制造业,四川省遂宁市经济技术开发区西宁片区台商工业园内,深圳市南山区科技园高新南一道创维大厦A座,南山区,,办公地在深圳
A股(边界),000881,中广核技,基础化工,化学原料-其他化学原料,制造业-化学原料和化学制品制造业,大连市西岗区黄河路219号外经贸大厦,深圳市福田区深南大道2002号中广核大厦北楼19层,福田区,,办公地在深圳
A股(边界),001248,华润新能源,公用事业,电力-新能源发电,电力、热力、燃气及水生产和供应业-电力、热力生产和供应业,中国香港湾仔港湾道26号华润大厦20楼2004至2005室,广东省深圳市南山区深南大道9668号华润置地大厦C座2303-2304单元,南山区,,办公地在深圳
A股(边界),002042,华孚时尚,纺织服装,纺织-棉纺,制造业-纺织业,安徽省淮北市经济开发区新区石山路6号,广东省深圳市福田区市花路5号长富金茂大厦59楼,福田区,,办公地在深圳
A股(边界),002123,梦网科技,信息技术,通信设备-通信配套服务,信息传输、软件和信息技术服务业-软件和信息技术服务业,辽宁省鞍山市立山区光仪路2号3号楼A栋(辽宁激光产业园光通讯工业园),广东省深圳市南山区高新中四道30号龙泰利科技大厦2层,南山区,,办公地在深圳
A股(边界),002229,鸿博股份,互联网,互联网技术-云服务(含IDC、CDN),制造业-印刷和记录媒介复制业,福建省福州市金山开发区金达路136号,"福建省福州市仓山区南江滨西大道26号鸿博梅岭观海B座21层,深圳市福田区莲花街道福中社区福中三路1006号诺德金融中心7H",福田区,,办公地在深圳
A股(边界),002240,盛新锂能,有色金属,金属非金属新材料-其他金属新材料,制造业-有色金属冶炼和压延加工业,四川省成都市双流区空港商务区成双大道空港云,深圳市福田区皇岗路5001号深业上城(南区)T1栋56楼,福田区,,办公地在深圳
A股(边界),002388,新亚制程,电子设备,电子设备制造-电子设备制造,制造业-计算机、通信和其他电子设备制造业,浙江省衢州市凯旋南路6号1幢A-120室,"广东省深圳市福田区中康路卓越梅林中心广场(北区)1栋306A,上海市徐汇区乌鲁木齐中路310弄3号",福田区,,办公地在深圳
A股(边界),002425,凯撒文化,互联网,互联网服务-游戏娱乐,信息传输、软件和信息技术服务业-互联网和相关服务,广东省汕头市龙湖珠津工业区珠津1街3号凯撒工业城,深圳市前海深港合作区南山街道梦海大道5033号卓越前海壹号3号楼L28-04单元,前海深港合作区,,办公地在深圳
A股(边界),002600,领益智造,电子设备,电子元件-电子元件,制造业-计算机、通信和其他电子设备制造业,广东省江门市蓬江区龙湾路8号,"广东省深圳市福田区领益大厦,香港尖沙咀麽地道68号帝国中心901A室",福田区,,办公地在深圳
A股(边界),002611,东方精工,机械设备,专用设备-其他专用机械,制造业-专用设备制造业,广东省佛山市南海区狮山镇强狮路2号(办公楼、厂房A、厂房B),广东省深圳市南山区招商街道水湾社区蛇口望海路1166号招商局广场18A,南山区,,办公地在深圳
A股(边界),002629,仁智股份,公用事业,电力-新能源发电,采矿业-开采专业及辅助性活动,浙江省温州经济技术开发区滨海十七路350号浙南经济总部大厦336室,深圳市福田区金田路3088号中洲大厦24层2404号,福田区,,办公地在深圳
A股(边界),002775,文科股份,建筑,建筑施工-园林工程,建筑业-土木工程建筑业,广东省佛山市顺德区乐从镇东平社区佛山新城天虹路46号信保广场1号楼29楼02至04单元,广东省深圳市龙岗区平湖街道华宝路101号文科大厦14-16层,龙岗区,,办公地在深圳
A股(边界),002892,科力尔,电气设备,电机-电机,制造业-电气机械和器材制造业,湖南省祁阳县黎家坪镇南正北路49号,深圳市南山区深圳湾科技生态园9栋B3座5楼,南山区,,办公地在深圳
A股(边界),002913,奥士康,电子设备,电子元件-电子元件,制造业-计算机、通信和其他电子设备制造业,湖南省益阳市资阳区长春工业园龙塘村,广东省深圳市南山区深圳湾创新科技中心2栋A座32楼,南山区,,办公地在深圳
A股(边界),300083,创世纪,机械设备,通用设备-机床设备,制造业-通用设备制造业,广东省东莞市沙田镇港前路26号,深圳市宝安区新桥街道黄埔社区南浦路154号2栋,宝安区,,办公地在深圳
A股(边界),300120,经纬辉开,电子设备,电子器件-显示器件,制造业-计算机、通信和其他电子设备制造业,天津市津南经济开发区(双港)旺港路12号,深圳市前海深港合作区前湾一路63号前海企业公馆大厦(工业区)13A栋,前海深港合作区,,办公地在深圳
A股(边界),300134,大富科技,信息技术,通信设备-通信传输设备,制造业-计算机、通信和其他电子设备制造业,安徽省蚌埠市燕南路17号国家金融孵化产业园4号楼,广东省深圳市宝安区沙井街道蚝乡路沙井工业公司第三工业区A2,宝安区,,办公地在深圳
A股(边界),300209,行云科技,互联网,互联网商务-电子商务B2B,批发和零售业-零售业,湖南省长沙市开福区青竹湖街道湘江北路一段369号5栋1层105号房(中部进出口商品展示交易中心),"湖南省长沙市开福区中山路176号一楼56号,广东省深圳市南山区梦海大道5289号中粮前海创新中心东塔40层",南山区,,办公地在深圳
A股(边界),300242,佳云科技,文化传媒,营销服务-营销服务,租赁和商务服务业-商务服务业,广东省东莞市横沥镇村头村工业区,深圳市福田区华富街道莲花一村社区皇岗路5001号深业上城(南区)T2栋2101,福田区,,办公地在深圳
A股(边界),300475,香农芯创,电子设备,电子元件-电子元件,批发和零售业-批发业,安徽省宣城宁国经济技术开发区创业北路16号,深圳市南山区海德三道166号航天科技广场B座22楼,南山区,,办公地在深圳
A股(边界),300518,新迅达,互联网,互联网商务-电子商务B2B,信息传输、软件和信息技术服务业-互联网和相关服务,中国(广西)自由贸易试验区南宁片区宋厢路15号兴业银行大厦二十一层,广东省深圳市福田区福田街道岗厦社区福华路350号皇庭中心49D1,福田区,,办公地在深圳
A股(边界),300564,筑博设计,休闲、生活及专业服务,专业服务-建筑装饰设计,科学研究和技术服务业-专业技术服务业,西藏自治区拉萨高新区管理中心(孵化器)1号楼2单元802室,深圳市福田区泰然八路泰然大厦B座8楼,福田区,,办公地在深圳
A股(边界),300624,万兴科技,信息技术,计算机软件-其他软件服务,信息传输、软件和信息技术服务业-软件和信息技术服务业,拉萨市柳梧新区东环路以西、1-4路以北、1-3路以南、柳梧大厦以东8栋2单元6层2号,深圳市南山区粤海街道海天二路软件产业基地5栋D座10楼,南山区,,办公地在深圳
A股(边界),300808,久量股份,家电,照明设备-照明设备,制造业-电气机械和器材制造业,湖北省十堰市郧阳区城关镇沿江大道88号综合服务楼15楼,"广州市白云区广州民营科技园北太路1637号亿凯大厦16层,深圳市福田区福中三路1006号诺德中心29层B-C",福田区,,办公地在深圳
A股(边界),300815,玉禾田,休闲、生活及专业服务,专业服务-其他专业服务,水利、环境和公共设施管理业-公共设施管理业,安徽省安庆市岳西县天馨大道筑梦小镇电商产业园5号楼,深圳市福田区梅林街道梅秀路1号中粮福田大悦广场A座38层,福田区,,办公地在深圳
A股(边界),300873,海晨股份,交通运输,物流-物流,交通运输、仓储和邮政业-多式联运和运输代理业,江苏省苏州市吴江经济技术开发区泉海路111号,深圳市南山区前海信利康大厦,南山区,,办公地在深圳
A股(边界),301379,天山电子,信息技术,计算机硬件-专用计算机设备,制造业-计算机、通信和其他电子设备制造业,广西钦州市灵山县檀圩镇灵北路东街335号,广东省深圳市宝安区西乡街道前海科兴科学园1栋18楼,宝安区,,办公地在深圳
A股(边界),600110,诺德股份,有色金属,金属非金属新材料-电池材料,制造业-计算机、通信和其他电子设备制造业,吉林省长春市高新北区航空街1666号,深圳市福田区广夏路1号创智云中心A1栋30层,福田区,,办公地在深圳
A股(边界),600234,科新发展,建筑,装修装饰-装修装饰,建筑业-建筑装饰、装修和其他建筑业,太原市迎泽大街289号,深圳市南山区深圳湾科技生态园12栋A座15层01-04号,南山区,,办公地在深圳
A股(边界),600478,科力远,电气设备,电源设备-储能设备,制造业-电气机械和器材制造业,湖南省郴州高科技术产业园区林邑大道东侧郴州战略性新兴产业园1、2栋401-6室,"湖南省郴州高科技术产业园区林邑大道东侧郴州战略性新兴产业园1、2栋401-6室,广东省深圳市南山区粤海街道科苑南路3099号中国储能大厦41F",南山区,,办公地在深圳
A股(边界),600518,康美药业,医药生物,中药生产-中药生产,制造业-医药制造业,广东省普宁市揭神路东侧,深圳市福田区下梅林泰科路,福田区,,办公地在深圳
A股(边界),600568,ST中珠,医药生物,生物医药-生物医药,卫生和社会工作-卫生,湖北省潜江市章华南路特1号,深圳市南山区粤海街道海德三道1258号卓越后海金融中心26层,南山区,,办公地在深圳
A股(边界),600745,*ST闻泰,电子设备,消费电子设备-消费电子设备,制造业-计算机、通信和其他电子设备制造业,湖北省黄石市开发区铁山区汪仁镇新城路东18号,深圳市罗湖区黄贝街道新秀社区罗沙路5097号银丰大厦B座一层,罗湖区,,办公地在深圳
A股(边界),601636,旗滨集团,建材,玻璃-玻璃,制造业-非金属矿物制品业,湖南醴陵经济开发区东富工业园,深圳市宝安区新桥街道象山社区丰达三路9号旗滨集团总部大厦,宝安区,,办公地在深圳
A股(边界),688136,科兴制药,医药生物,生物医药-生物医药,制造业-医药制造业,山东省济南市章丘区埠村街道创业路2666号,"山东省济南市章丘区埠村街道创业路2666号,深圳市南山区高新中一道与科技中一路交汇处创益科技大厦B栋19楼",南山区,,办公地在深圳
港股,00268,金蝶国际软件,软件服务,软件服务,软件服务,"Cricket Square, Hutchins Drive, PO Box 2681, Grand Cayman, Cayman Islands","香港金钟道95号统一中心25A,中国广东省深圳市南山区高新科技园南区科技南十二路2号金蝶软件园",南山区,Y,登记/办公地址含深圳
港股,00384,中国燃气,公用事业,公用事业,公用事业,"Richmond House, 12 Par-la-Ville Road, Hamilton, Bermuda","香港湾仔告士打道151号资本中心16楼1601室,中国广东省深圳市罗湖区梅园路188号中国燃气大厦",罗湖区,Y,登记/办公地址含深圳
港股,00525,广深铁路,旅游及消闲设施,旅游及消闲设施,旅游及消闲设施,中华人民共和国广东省深圳市和平路1052号,广东省深圳市罗湖区和平路1052号,罗湖区,Y,登记/办公地址含深圳
港股,00548,深圳高速公路,工用运输,工用运输,工用运输,中国深圳市龙华新区福城街道福民收费站,深圳市南山区深南大道9968号汉京金融中心46楼,南山区,Y,登记/办公地址含深圳
港股,00638,深圳市广和通无线,资讯科技器材,资讯科技器材,资讯科技器材,中国广东省深圳市南山区西丽街道西丽社区打石一路深圳国际创新谷6栋A座1101,"深圳市南山区西丽街道西丽社区打石一路深圳国际创新谷六栋A座10-14层,香港湾仔皇后大道东248号大新金融中心40楼",南山区,Y,登记/办公地址含深圳
港股,00700,腾讯,软件服务,软件服务,软件服务,"Cricket Square, Hutchins Drive, P.O.Box 2681, Grand Cayman, Cayman Islands",香港湾仔皇后大道东1号太古广场三座29楼;深圳市南山区海天二路33号腾讯滨海大厦,南山区,Y,登记/办公地址含深圳
港股,00763,中兴通讯,资讯科技器材,资讯科技器材,资讯科技器材,中国广东省深圳市南山区高新技术产业园科技南路中兴通讯大厦,中国广东省深圳市南山区高新技术产业园科技南路中兴通讯大厦,南山区,Y,登记/办公地址含深圳
港股,00867,康哲药业,药品及生物科技,药品及生物科技,药品及生物科技,"PO Box 309, Ugland House, Grand Cayman, Cayman Islands","香港北角英皇道510号港运大厦21楼2106室,中国广东省深圳市南山区大新路198号马家龙创新大厦B座6-8楼",南山区,Y,登记/办公地址含深圳
港股,00895,东江环保,工业工程,工业工程,工业工程,"中华人民共和国深圳市南山区高新区北区朗山路9号东江环保大楼1楼,3楼,8楼北面,9-12楼",深圳市南山区科技园北区朗山路9号东江环保大楼1楼、3楼、8楼北面、9-12楼,南山区,Y,登记/办公地址含深圳
港股,00901,深圳市华曦达科技,资讯科技器材,资讯科技器材,资讯科技器材,中国广东省深圳市宝安区石岩街道塘头社区塘头工业园恒通发工业区厂房5栋一层,"中国广东省深圳市宝安区石岩街道塘头社区塘头工业园恒通发工业区厂房5栋一层,香港铜锣湾希慎道33号利园一期19楼1920室",宝安区,Y,登记/办公地址含深圳
港股,01211,比亚迪,汽车,汽车,汽车,深圳市龙岗区葵涌镇延安路一号,"深圳市坪山区比亚迪路3009号,香港新界大埔白石角科学园东路1号核心大厦1E号5楼505-510室",龙岗区,Y,登记/办公地址含深圳
港股,01236,深圳乐动机器人,资讯科技器材,资讯科技器材,资讯科技器材,中国广东省深圳市南山区西丽街道深圳国际创新谷6栋A座16楼,"中国广东省深圳市南山区西丽街道深圳国际创新谷6栋A座16楼,香港铜锣湾希慎道33号利园一期19楼1916室",南山区,Y,登记/办公地址含深圳
港股,01302,先健科技,其他医疗保健,其他医疗保健,其他医疗保健,"PO Box 309, Ugland House, Grand Cayman, Cayman Islands","香港北角电气道148号31楼,中国深圳市南山区高新技术产业园科技南十二路22号先健科技大厦",南山区,Y,登记/办公地址含深圳
港股,01304,峰岹科技,半导体,半导体,半导体,中国广东省深圳市南山区高新中区科技中2路1号深圳软件园(2期)11栋203室,"深圳市南山区高新中区科技中2路1号深圳软件园(2期)11栋203室,香港湾仔皇后大道东248号大新金融中心40楼",南山区,Y,登记/办公地址含深圳
港股,01330,绿色动力环保,工业工程,工业工程,工业工程,中国深圳市南山区科技南十二路7号九洲电器大厦东北翼2楼,"深圳市南山区科技南十二路九洲电器大厦二楼,香港苏杭街104号秀平商业大厦1楼",南山区,Y,登记/办公地址含深圳
港股,01392,深圳海清智元科技,软件服务,软件服务,软件服务,中国深圳市宝安区西乡街道固戍开发区泰华梧桐工业园8号建筑3层,"中国深圳市宝安区西乡街道固戍开发区泰华梧桐工业园8号建筑3层,香港中环都爹利街11号律敦治中心—律敦治大厦18楼1802室",宝安区,Y,登记/办公地址含深圳
港股,01688,广东领益智造,工业工程,工业工程,工业工程,中国广东省江门市蓬江区龙湾路8号,"广东省深圳市福田区领益大厦,香港尖沙咀麽地道68号帝国中心901A室",福田区,Y,登记/办公地址含深圳
港股,01816,中国广核电力,公用事业,公用事业,公用事业,深圳市福田区深南大道2002号中广核大厦南楼18楼,中国广东省深圳市福田区深南大道2002号中广核大厦南楼,福田区,Y,登记/办公地址含深圳
港股,02039,中国国际海运集装箱,工用运输,工用运输,工用运输,广东省深圳市南山区蛇口港湾大道2号中集研发中心8楼,"中国广东省深圳市南山区蛇口港湾大道2号中集集团研发中心8楼,香港德辅道中199号无限极广场3101-2室",南山区,Y,登记/办公地址含深圳
港股,02228,晶泰,药品及生物科技,药品及生物科技,药品及生物科技,"PO Box 309, Ugland House, Grand Cayman, Cayman Islands","中国深圳市福田区红柳道2号国际生物医药产业园二期三层,香港铜锣湾希慎道33号利园一期19楼1917室",福田区,Y,登记/办公地址含深圳
港股,02432,深圳市越疆科技,资讯科技器材,资讯科技器材,资讯科技器材,深圳市南山区桃源街道平山社区留仙大道1213号红花岭智造产业园4栋101,"深圳市南山区桃源街道福光社区留仙大道3370号南山智园崇文园区2号楼1003室,香港湾仔皇后大道东248号大新金融中心40楼",南山区,Y,登记/办公地址含深圳
港股,02460,华润饮料,食物饮品,食物饮品,食物饮品,"4th Floor, Harbour Place, P.O. Box 10240, Grand Cayman, Cayman Islands","中国广东省深圳市南山区朗山路22号深圳高新技术产业园区(北区),香港湾仔皇后大道东248号大新金融中心40楼",南山区,Y,登记/办公地址含深圳
港股,02475,立讯精密工业,资讯科技器材,资讯科技器材,资讯科技器材,中国广东省深圳市宝安区沙井街道蚝一西部三洋新工业区A栋2层,"广东省东莞市清溪镇北环路313号,中国香港铜锣湾希慎道33号利园一期19楼1901室",宝安区,Y,登记/办公地址含深圳
港股,02498,速腾聚创科技,软件服务,软件服务,软件服务,"PO Box 309, Ugland House, Grand Cayman, Cayman Islands","中国深圳市南山区桃源街道留仙大道1213号众冠红花岭工业南区9栋,香港铜锣湾希慎道33号利园一期19楼1912室",南山区,Y,登记/办公地址含深圳
港股,02583,深圳西普尼精密科技,纺织及服饰,纺织及服饰,纺织及服饰,中国广东省深圳市罗湖区东晓街道独树社区布心路3006号宇宏大厦2栋1701,"中国广东省深圳市罗湖区东晓街道独树社区布心路3006号宇宏大厦2栋1701,香港湾仔皇后大道东248号大新金融中心40楼",罗湖区,Y,登记/办公地址含深圳
港股,02656,健康160国际,药品及生物科技,药品及生物科技,药品及生物科技,"4th Floor, Harbour Place, 103 South Church Street, P.O. Box 10240, Grand Cayman, Cayman Islands","中国深圳市南山区南山街道东滨路4078号永新时代广场2号楼9层、11至12层,香港铜锣湾勿地臣街1号时代广场二座31楼",南山区,Y,登记/办公地址含深圳
港股,02675,深圳市精锋医疗科技,其他医疗保健,其他医疗保健,其他医疗保健,深圳市龙岗区宝龙街道宝龙社区积谷田路2号湾区未来科技园A1栋1501,"香港铜锣湾希慎道33号利园一期19楼1918室,深圳市龙岗区宝龙街道宝龙社区积谷田路2号湾区未来科技园A1栋1501",龙岗区,Y,登记/办公地址含深圳
港股,02692,深圳市兆威机电,工业工程,工业工程,工业工程,中国深圳市宝安区燕罗街道燕川社区燕湖路62号办公楼101,"深圳市宝安区燕罗街道燕川社区燕湖路62号办公楼101,香港铜锣湾希慎道33号利园一期19楼1910室",宝安区,Y,登记/办公地址含深圳
港股,02701,国民技术,半导体,半导体,半导体,中国广东省深圳市南山区西丽街道松坪山社区宝深路109号国民技术大厦1楼,深圳市南山区西丽街道松坪山社区宝深路109号国民技术大厦,南山区,Y,登记/办公地址含深圳
港股,03200,深圳市大族数控科技,工业工程,工业工程,工业工程,中国广东省深圳市宝安区福海街道和平社区重庆路12号大族激光智造中心3栋厂房101、3栋1–2楼、4楼及7楼以及4栋1楼及4楼,"深圳市宝安区福海街道重庆路16号大族激光智造中心三栋,香港铜锣湾希慎道33号利园一期19楼1916室",宝安区,Y,登记/办公地址含深圳
港股,03268,美格智能技术,资讯科技器材,资讯科技器材,资讯科技器材,中国广东省深圳市宝安区福永街道凤凰社区岭下路5号楼2层,深圳市福田区深南大道1006号深圳国际创新中心B栋三十二层,宝安区,Y,登记/办公地址含深圳
港股,03310,云英谷科技,半导体,半导体,半导体,"中国广东省深圳市南山区粤海街道,高新区社区高新南七道20号深圳国家工程实验室大楼A1603、1604和1605室","中国广东省深圳市南山区粤海街道,高新区社区高新南七道20号深圳国家工程实验室大楼A1603、1604和1605室,香港铜锣湾勿地臣街1号时代广场2座31楼",南山区,Y,登记/办公地址含深圳
港股,03317,深圳迅策科技,软件服务,软件服务,软件服务,中国广东省深圳市南山区粤海街道高新区社区科苑南路3156号深圳湾创新科技中心2栋A座66层,"中国广东省深圳市南山区粤海街道高新区社区科苑南路3156号深圳湾创新科技中心2栋A座66层,香港铜锣湾希慎道33号利园一期19楼1920室",南山区,Y,登记/办公地址含深圳
港股,03355,深圳市飞速创新技术,软件服务,软件服务,软件服务,中国广东省深圳市南山区粤海街道大冲社区华润置地大厦C座1903-1904,"中国广东省深圳市南山区粤海街道大冲社区华润置地大厦C座1903-1904,香港铜锣湾希慎道33号利园一期19楼1910室",南山区,Y,登记/办公地址含深圳
港股,03388,深圳市创想三维科技,资讯科技器材,资讯科技器材,资讯科技器材,中国广东省深圳市龙华区民治街道新牛社区梅龙大道锦绣鸿都大厦1808室,"香港铜锣湾希慎道33号利园一期19楼1910室,中国广东省深圳市龙华区民治街道新牛社区梅龙大道锦绣鸿都大厦1808室",龙华区,Y,登记/办公地址含深圳
港股,03899,中集安瑞科,石油及天然气,石油及天然气,石油及天然气,"Cricket Square, Hutchins Drive, P.O.Box 2681, Grand Cayman, Cayman Islands","香港中环夏悫道12号美国银行中心19楼1902–3室,中国广东省深圳蛇口工业区港湾大道2号中集集团研发中心",—,Y,登记/办公地址含深圳
港股,06067,深圳市星源材质科技,工业工程,工业工程,工业工程,中国广东省深圳市光明区公明街道田园路北,广东省深圳市光明新区公明办事处田园路北,光明区,Y,登记/办公地址含深圳
港股,06168,周六福珠宝,专业零售,专业零售,专业零售,中国广东省深圳市罗湖区东晓街道东晓社区太白路3031号中冠商务大厦2301–2409,"中国广东省深圳市罗湖区东晓街道东晓社区太白路3031号中冠商务大厦2301–2409,香港湾仔皇后大道东248号大新金融中心40楼",罗湖区,Y,登记/办公地址含深圳
港股,06600,卧安机器人,家庭电器及用品,家庭电器及用品,家庭电器及用品,中国广东省深圳市宝安区西乡街道麻布社区海城路5号前城商业中心1706室,"中国广东省深圳市宝安区西乡街道麻布社区海城路5号前城商业中心1706室,香港湾仔皇后大道东248号大新金融中心40楼",宝安区,Y,登记/办公地址含深圳
港股,06936,顺丰,工用运输,工用运输,工用运输,中国深圳市宝安区航城街道草围社区深圳机场航站四路1111号顺丰华南转运中心综合楼三层,中国广东省深圳市南山区科技南一路深投控创智天地大厦B座,宝安区,Y,登记/办公地址含深圳
港股,06969,思摩尔国际,家庭电器及用品,家庭电器及用品,家庭电器及用品,"Cricket Square, Hutchins Drive, PO Box 2681, Grand Cayman, Cayman Islands","香港九龙鸿图道83号东瀛游广场28楼B室,中国广东省深圳市,宝安区西乡街道,固戍社区东财工业区16号",宝安区,Y,登记/办公地址含深圳
港股,09699,杭州顺丰同城实业,工用运输,工用运输,工用运输,中国浙江省杭州市拱墅区舟山东路198号宸创大厦16层1626室,"中国广东省深圳市南山区兴海大道3076号顺丰总部大厦21-22楼,香港铜锣湾希慎道33号利园一期19楼1928室",南山区,Y,登记/办公地址含深圳
港股,09880,深圳市优必选科技,资讯科技器材,资讯科技器材,资讯科技器材,中国深圳市南山区桃源街道长源社区学苑大道1001号南山智园C1栋2201室,"中国深圳市南山区桃源街道长源社区学苑大道1001号南山智园C1栋2201室,香港湾仔皇后大道东248号大新金融中心40楼",南山区,Y,登记/办公地址含深圳
港股,09980,东鹏饮料,食物饮品,食物饮品,食物饮品,中国广东省深圳市南山区桃源街道珠光北路142号众冠红花岭工业西区3栋1楼,广东省深圳市南山区桃源街道明亮科技园88号3栋1楼-3楼,南山区,Y,登记/办公地址含深圳
港股,09981,深圳市沃尔核材,工业工程,工业工程,工业工程,中国广东省深圳市坪山区青松路53号,深圳市坪山区龙田街道兰景北路沃尔工业园,坪山区,Y,登记/办公地址含深圳
港股,09989,深圳市海普瑞药业,药品及生物科技,药品及生物科技,药品及生物科技,中华人民共和国深圳市南山区郎山路21号,深圳市南山区松坪山郎山路21号,南山区,Y,登记/办公地址含深圳
A股(剔除),600030,中信证券,金融,非银行金融-证券,金融业-资本市场服务,广东省深圳市福田区中心三路8号卓越时代广场(二期)北座,"广东省深圳市福田区中心三路8号中信证券大厦,北京市朝阳区亮马桥路48号中信证券大厦",福田区,,金融
A股(剔除),600036,招商银行,金融,银行-股份制与城商行,金融业-货币金融服务,中国广东省深圳市福田区深南大道7088号,广东省深圳市福田区深南大道7088号,福田区,,金融
A股(剔除),600999,招商证券,金融,非银行金融-证券,金融业-资本市场服务,深圳市福田区福田街道福华一路111号,"深圳市福田区福田街道福华一路111号,香港中环康乐广场8号交易广场一座32楼",福田区,,金融
A股(剔除),601318,中国平安,金融,非银行金融-保险,金融业-保险业,深圳市福田区益田路5033号平安金融中心47、48、109、110、111、112层,深圳市福田区益田路5033号平安金融中心47、48、108、109、110、111、112层,福田区,,金融
A股(剔除),000001,平安银行,金融,银行-股份制与城商行,金融业-货币金融服务,中华人民共和国广东省深圳市罗湖区深南东路5047号,"中国广东省深圳市深南东路5047号,中国广东省深圳市福田区益田路5023号平安金融中心B座",罗湖区,,金融
A股(剔除),000009,中国宝安,综合,综合-综合,金融业-其他金融业,深圳市罗湖区笋岗东路1002号宝安广场A座28、29层,广东省深圳市笋岗东路1002号宝安广场A座28、29层,罗湖区,,金融
A股(剔除),002736,国信证券,金融,非银行金融-证券,金融业-资本市场服务,深圳市罗湖区红岭中路1012号国信证券大厦十六层至二十六层,深圳市福田区福华一路125号国信金融大厦,罗湖区,,金融
A股(剔除),002797,第一创业,金融,非银行金融-证券,金融业-资本市场服务,深圳市福田区福华一路115号投行大厦20楼,深圳市福田区福华一路115号投行大厦15-20楼,福田区,,金融
A股(剔除),002939,长城证券,金融,非银行金融-证券,金融业-资本市场服务,广东省深圳市福田区福田街道金田路2026号能源大厦南塔楼10-19层,深圳市福田区福田街道金田路2026号能源大厦南塔楼10-19层,福田区,,金融
A股(剔除),600162,香江控股,房地产,房地产开发-房地产开发,房地产业-房地产业,深圳市前海深港合作区南山街道兴海大道3046号香江金融大厦32楼—A1,广东省广州市番禺区番禺大道锦绣香江花园香江控股办公楼,前海深港合作区,,地产
A股(剔除),600383,金地集团,房地产,房地产开发-房地产开发,房地产业-房地产业,深圳市福田区福田街道岗厦社区深南大道2007号金地中心32层,深圳市福田区福田街道岗厦社区深南大道2007号金地中心32层,福田区,,地产
A股(剔除),000002,万科A,房地产,房地产开发-房地产开发,房地产业-房地产业,中国深圳市盐田区大梅沙环梅路33号万科中心,中国广东省深圳市福田区梅林路63号万科大厦,盐田区,,地产
A股(剔除),000006,深振业A,房地产,房地产开发-房地产开发,房地产业-房地产业,深圳市罗湖区桂园街道宝安南路2014号振业大厦A座31层,深圳市南山区科技南路16号深圳湾科技生态园11栋A座42-43层,罗湖区,,地产
A股(剔除),000011,深物业A,房地产,房地产开发-房地产开发,房地产业-房地产业,广东省深圳市罗湖区人民南路国贸大厦39层、42层,广东省深圳市罗湖区人民南路国贸大厦16层、20层、39层、42层,罗湖区,,地产
A股(剔除),000014,沙河股份,房地产,房地产开发-房地产开发,房地产业-房地产业,广东省深圳市南山区白石路2222号沙河世纪楼,广东省深圳市南山区白石路2222号沙河世纪楼,南山区,,地产
A股(剔除),000029,深深房A,房地产,房地产开发-房地产开发,房地产业-房地产业,深圳市罗湖区南湖街道嘉北社区人民南路3005号深房广场A46层-A48层B46层-B48层,深圳市人民南路3005号深房广场46-48层,罗湖区,,地产
A股(剔除),000031,大悦城,房地产,房地产开发-房地产开发,房地产业-房地产业,深圳市宝安区新安街道3区龙井二路3号中粮地产集团中心第1层101室,北京市朝阳区朝阳门南大街8号中粮福临门大厦13层,宝安区,,地产
A股(剔除),000036,华联控股,房地产,房地产开发-房地产开发,房地产业-房地产业,深圳市福田区深南中路2008号华联大厦16层,深圳市福田区深南中路2008号华联大厦16层,福田区,,地产
A股(剔除),000042,中洲控股,房地产,房地产开发-房地产开发,房地产业-房地产业,深圳市福田区福田街道岗厦社区金田路3088号中洲大厦3802,广东省深圳市福田区金田路3088号中洲大厦38楼,福田区,,地产
A股(剔除),000090,天健集团,房地产,房地产开发-房地产开发,建筑业-土木工程建筑业,深圳市福田区莲花街道紫荆社区红荔路7019号天健商务大厦19楼,深圳市福田区莲花街道紫荆社区红荔路7019号天健商务大厦16、17、18、19、20楼,福田区,,地产
A股(剔除),001914,招商积余,房地产,房地产服务-房地产服务,房地产业-房地产业,深圳市福田区华强北街道华航社区华富路1004号南光大厦2层B段201室,深圳市南山区招商街道水湾社区太子路1号新时代广场12-13层,福田区,,地产
A股(剔除),001979,招商蛇口,房地产,房地产开发-房地产开发,房地产业-房地产业,广东省深圳市南山区蛇口太子路1号新时代广场,广东省深圳市南山区太子路5号招商蛇口广场,南山区,,地产
A股(剔除),002285,世联行,房地产,房地产服务-房地产服务,房地产业-房地产业,深圳市罗湖区深南东路2028号罗湖商务中心12楼,深圳市罗湖区深南东路2028号罗湖商务中心(罗湖智汇大厦)15楼,罗湖区,,地产
A股(剔除),002314,南山控股,房地产,房地产开发-房地产开发,房地产业-房地产业,深圳市南山区招商街道赤湾社区赤湾六路8号南山开发集团赤湾总部大厦2501,深圳市南山区赤湾六路8号赤湾总部大厦25-26楼,南山区,,地产
A股(剔除),300917,特发服务,房地产,房地产服务-房地产服务,房地产业-房地产业,深圳市福田区香蜜湖街道侨香路1010号特发文创广场五楼,深圳市福田区香蜜湖街道侨香路1010号特发文创广场五楼,福田区,,地产
港股(剔除),01606,国银金融租赁,其他金融,其他金融,其他金融,中国广东省深圳市福田区福中三路2003号国银金融中心大厦,"中国广东省深圳市福田区福中三路2003号国银金融中心大厦,香港铜锣湾勿地臣街1号时代广场二座31楼",福田区,N,金融
港股(剔除),01973,深圳市天图投资管理,其他金融,其他金融,其他金融,中国深圳市福田区沙头街道天安社区深南大道深铁置业大厦四十三层05单元,"深圳市南山区侨香路4068号智慧广场B栋1座23楼2-3层,香港铜锣湾希慎道33号利园一期19楼1928室",福田区,N,金融
港股(剔除),02318,中国平安保险,保险,保险,保险,深圳市福田区益田路5033号平安金融中心47、48、109、110、111、112层,深圳市福田区益田路5033号平安金融中心47、48、108、109、110、111、112层,福田区,Y,金融
港股(剔除),03968,招商银行,银行,银行,银行,中国广东省深圳市福田区深南大道7088号,广东省深圳市福田区深南大道7088号,福田区,Y,金融
港股(剔除),06030,中信证券,其他金融,其他金融,其他金融,广东省深圳市福田区中心三路8号卓越时代广场(二期)北座,"广东省深圳市福田区中心三路8号中信证券大厦,北京市朝阳区亮马桥路48号中信证券大厦",福田区,Y,金融
港股(剔除),06069,盛业,其他金融,其他金融,其他金融,"Windward 3, Regatta Office Park, P.O. Box 1350, Grand Cayman, Cayman Islands","中国深圳市福田区福田街道金田路3086号大百汇广场46层及47层,香港金钟金钟道89号力宝中心第一座42楼4202室",福田区,Y,金融
港股(剔除),06099,招商证券,其他金融,其他金融,其他金融,深圳市福田区福田街道福华一路111号,"深圳市福田区福田街道福华一路111号,香港中环康乐广场8号交易广场一座32楼",福田区,Y,金融
港股(剔除),06963,阳光保险,保险,保险,保险,深圳市南山区粤海街道海珠社区兰芷二路66号阳光保险大厦3001-3008,"中国深圳市福田区红荔西路7002号第一世界广场A座17层,香港湾仔皇后大道东248号大新金融中心40楼",南山区,Y,金融
港股(剔除),08030,丰银禾,其他金融,其他金融,其他金融,"Cricket Square, Hutchins Drive, P.O. Box 2681, Grand Cayman, Cayman Islands","香港九龙尖沙咀麽地道66号尖沙咀中心西翼10楼1007室,中国深圳市南山区沙河街道高发社区侨香路4060号香年广场A栋902室",南山区,N,金融
港股(剔除),09923,移卡,其他金融,其他金融,其他金融,"P.O. Box 31119 Grand Pavilion, Hibiscus Way, 802 West Bay Road, Grand Cayman, Cayman Islands","香港铜锣湾希慎道33号利园一期19楼1912室,中国深圳南山区科苑路15号科兴科技园A4栋19楼",南山区,N,金融
港股(剔除),01209,华润万象生活,地产,地产,地产,"PO Box 309, Ugland House, Grand Cayman, Cayman Islands","中国深圳市南山区深南大道9668号华润置地大厦B座30楼,香港湾仔港湾道26号华润大厦46楼",南山区,Y,地产
港股(剔除),02202,万科企业,地产,地产,地产,中国深圳市盐田区大梅沙环梅路33号万科中心,中国广东省深圳市福田区梅林路63号万科大厦,盐田区,Y,地产
港股(剔除),02602,万物云空间科技服务,地产,地产,地产,广东省深圳市福田区梅林街道梅亭社区广厦路1号创智云中心B栋2201,"广东省深圳市福田区梅林街道梅亭社区广厦路1号创智云中心B栋2201,香港九龙观塘海滨道123号绿景NEO大厦1607室",福田区,Y,地产
港股(剔除),03380,龙光,地产,地产,地产,"Cricket Square, Hutchins Drive, P.O. Box 2681, Grand Cayman, Cayman Islands","香港柯士甸道西1号环球贸易广场68楼02-03A室,中国深圳宝安区兴华路南龙光世纪大厦B座2002室",宝安区,Y,地产
港股(剔除),00095,绿景地产投资,地产,地产,地产,"Windward 3, Regatta Office Park, PO Box 1350, Grand Cayman, Cayman Islands","香港九龙观塘海滨道123号绿景NEO大厦2501室,中国深圳市福田区深南中路6011号NEO大厦(A座)55层,中国苏州市新区狮山路88号金河国际中心26层",福田区,N,地产
港股(剔除),00117,天利,工业工程,工业工程,工业工程,"Cricket Square, Hutchins Drive, PO Box 2681, Grand Cayman, Cayman Islands","香港湾仔湾仔道232号恒汇中心26楼,中国深圳市南山区西丽街道松坪山社区高新北四道13号宇阳大厦",南山区,N,非港股通
港股(剔除),00126,佳宁娜,旅游及消闲设施,旅游及消闲设施,旅游及消闲设施,"Victoria Place, 5th Floor, 31 Victoria Street, Hamilton, Bermuda","香港新界葵涌大连排道200号伟伦中心第二期26楼,中国深圳市罗湖区人民南路2002号佳宁娜友谊广场五楼",罗湖区,N,非港股通
港股(剔除),00302,中手游科技,软件服务,软件服务,软件服务,"PO Box 309, Ugland House, Grand Cayman, Cayman Islands","中国深圳市福田区中康北路卓越梅林中心广场4号楼10层,香港中环云咸街8号13楼",福田区,N,非港股通
港股(剔除),00312,岁宝百货,专业零售,专业零售,专业零售,"Cricket Square, Hutchins Drive, P.O. Box 2681, Grand Cayman, Cayman Islands","香港九龙观塘成业街10号30楼C02室,中国深圳市罗湖区人民南路深圳发展中心一栋33层",罗湖区,N,非港股通
港股(剔除),00400,硬蛋创新,半导体,半导体,半导体,"Cricket Square, Hutchins Drive, P. O. Box 2681, Grand Cayman, Cayman Islands","香港新界屯门洪祥路3号田氏中心第2座6楼D室,中国深圳市南山区高新南九道55号微软科通大厦11楼",南山区,N,非港股通
港股(剔除),00434,博雅互动国际,软件服务,软件服务,软件服务,"PO Box 309, Ugland House, Grand Cayman, Cayman Islands","香港德辅道中188号金龙中心19楼,中国深圳南山区中山园路1001号TCL产业园国际E城E1栋8楼",南山区,N,非港股通
港股(剔除),00439,瀚源,软件服务,软件服务,软件服务,"Richmond House, 12 Par-la-Ville Road, Hamilton, Bermuda","香港铜锣湾礼顿道77号礼顿中心11楼1104室,中国深圳市龙岗区园山街道保安社区马五路1号2栋301-B077室",龙岗区,N,非港股通
港股(剔除),00484,云游,资讯科技器材,资讯科技器材,资讯科技器材,"Suite #4-210, Governors Square, 23 Lime Tree Bay Avenue, P.O. Box 32311, Grand Cayman, Cayman Islands","香港九龙荔枝角长沙湾道912号时信中心12楼3室,中国深圳市福田区车公庙天安数码城创新科技广场一期A座1106室",福田区,N,非港股通
港股(剔除),00505,兴业合金材料,一般金属及矿石,一般金属及矿石,一般金属及矿石,"Cricket Square, Hutchins Drive, P.O. Box 2681, Grand Cayman, Cayman Islands","香港九龙观塘鸿图道37-39号鸿泰工业大厦11楼11室,中国浙江省宁波市杭州湾新区金溪路68号,中国广东省深圳市甲岸路31号",—,N,非港股通
港股(剔除),00602,佳华百货,专业零售,专业零售,专业零售,"Cricket Square, Hutchins Drive, P.O. Box 2681, Grand Cayman, Cayman Islands","香港九龙尖沙咀广东道5号海港城海洋中心7楼715室,中国深圳市宝安中心区新湖路2146号佳华名苑4楼",—,N,非港股通
港股(剔除),00627,共生智筑,地产,地产,地产,"Clarendon House, 2 Church Street, Hamilton, Bermuda","福建省福州市高新区新港大道33号星网锐捷科技园三期A栋一楼会议室,深圳宝安区壹方中心A座36楼,香港湾仔港湾道26号华润大厦29楼2905室",宝安区,N,地产
港股(剔除),00815,中国白银,黄金及贵金属,黄金及贵金属,黄金及贵金属,"One Nexus Way, Camana Bay, Grand Cayman, Cayman Islands","香港上环干诺道中168-200号信德中心招商局大厦17楼05室,中国广东省深圳市罗湖区东晓街道独树社区布心路3008号水贝珠宝总部大厦A座37楼",罗湖区,N,非港股通
港股(剔除),00842,理士国际技术,工业工程,工业工程,工业工程,"Cricket Square, Hutchins Drive, PO Box 2681, Grand Cayman, Cayman Islands","香港新界荃湾海盛路3号TML广场33楼C室,中国广东省深圳市南山区南海大道2061号新保辉大厦5楼",南山区,N,非港股通
港股(剔除),00909,明源云,软件服务,软件服务,软件服务,"Cricket Square, Hutchins Drive, P.O. Box 2681, Grand Cayman, Cayman Islands","中国深圳市南山区粤海街道高新区社区高新南十道16号金地威新中心A座801,香港九龙海港城九仓电讯中心7楼701室",南山区,N,非港股通
港股(剔除),00947,摩比发展,资讯科技器材,资讯科技器材,资讯科技器材,"P.O. Box 309, Ugland House, Grand Cayman, Cayman Islands",香港黄竹坑香叶道2号One Island South 25楼A室;中国广东省深圳市南山区科技园朗山一路7号,南山区,N,非港股通
港股(剔除),01020,中细软科技,软件服务,软件服务,软件服务,"Cricket Square, Hutchins Drive, P.O. Box 2681, Grand Cayman, Cayman Islands","香港九龙科学馆道1号康宏广场航天科技大厦16楼15室,中国深圳市龙华区民治街道新龙大厦10楼08室",龙华区,N,非港股通
港股(剔除),01110,金活医药,药品及生物科技,药品及生物科技,药品及生物科技,"Windward 3, Regatta Office Park, PO Box 1350, Grand Cayman, Cayman Islands","香港九龙荔枝角道808号好运工业中心6楼613室,中国广东省深圳市南山区大新路198号马家龙创新大厦A座8-9楼",南山区,N,非港股通
港股(剔除),01119,创梦天地科技,软件服务,软件服务,软件服务,"PO Box 309, Ugland House, Grand Cayman, Cayman Islands","香港铜锣湾勿地臣街1号时代广场2座31楼,中国深圳南山区科兴科学园A3–16",南山区,N,非港股通
港股(剔除),01129,中国水业,公用事业,公用事业,公用事业,"Cricket Square, Hutchins Drive, P.O. Box 2681, Grand Cayman, Cayman Islands","香港九龙湾宏照道19号金利丰国际中心8楼H室,中国深圳市南山区西丽街道西丽社区打石一路深圳国际创新谷6栋A座22楼2204室",南山区,N,非港股通
港股(剔除),01147,伊登软件,软件服务,软件服务,软件服务,"71 Fort Street, P.O. Box 500, George Town, Grand Cayman, Cayman Islands","香港铜锣湾希慎道33号利园一期19楼1918室,中国深圳市福田区华富街道深南大道1006号福田科技广场深圳国际创新中心A座西翼2楼",福田区,N,非港股通
港股(剔除),01152,正乾金融,食物饮品,食物饮品,食物饮品,"Richmond House, 12 Par-la-Ville Road, Hamilton, Bermuda","香港上环干诺道西28号威胜商业大厦5楼510室,深圳市福田区莲花街道福中社区金田路4028号荣超经贸中心2408",福田区,N,非港股通
港股(剔除),01257,中国光大绿色环保,公用事业,公用事业,公用事业,"Cricket Square, Hutchins Drive, PO Box 2681, Grand Cayman, Cayman Islands","香港夏悫道16号远东金融中心36楼3602室,中国广东省深圳市福田区益田路6009号新世界中心50-52层",福田区,N,非港股通
港股(剔除),01317,中国枫叶教育,支援服务,支援服务,支援服务,"P.O. Box 309, Ugland House, Grand Cayman, Cayman Islands","香港金钟夏悫道18号海富中心二期24楼2402室,中国广东省深圳市龙岗区宝龙街道宝龙一路13号",龙岗区,N,非港股通
港股(剔除),01346,利华,纺织及服饰,纺织及服饰,纺织及服饰,"Cricket Square, Hutchins Drive, P.O. Box 2681, Grand Cayman, Cayman Islands","香港观塘兴业街12号永泰中心1楼B16室,中国深圳市宝安区留芳路6号庭威大厦一楼",宝安区,N,非港股通
港股(剔除),01351,辉煌明天科技,媒体及娱乐,媒体及娱乐,媒体及娱乐,"190 Elgin Avenue, George Town, Grand Cayman, Cayman Islands","香港中环租庇利街1号喜讯大厦9楼906室,中国深圳市南山区南头街道星海名城社区7期201-02及201-03室",南山区,N,非港股通
港股(剔除),01396,粤港湾智算科技,软件服务,软件服务,软件服务,"PO Box 309, Ugland House, Grand Cayman, Cayman Islands","香港干诺道中168-200号信德中心招商局大厦916室,深圳市福田区河套科创中心A座17楼",福田区,N,非港股通
港股(剔除),01397,碧瑶绿色,支援服务,支援服务,支援服务,"Cricket Square, Hutchins Drive, P.O. Box 2681, Grand Cayman, Cayman Islands","香港九龙荔枝角琼林街93号龙翔工业大厦4楼A室,广东省深圳市福田区南园路68号上步大厦6J",福田区,N,非港股通
港股(剔除),01401,未来机器,资讯科技器材,资讯科技器材,资讯科技器材,"P.O. Box 31119, Grand Pavilion, Hibiscus Way, 802 West Bay Road, Grand Cayman, Cayman Islands","香港九龙尖沙咀东科学馆道1号康宏广场南座7楼702室,中国深圳福田区北环大道6018号梅林街道华强科创广场1栋33楼",福田区,N,非港股通
港股(剔除),01455,科利实业,家庭电器及用品,家庭电器及用品,家庭电器及用品,"Cricket Square, Hutchins Drive, P.O. Box 2681, Grand Cayman, Cayman Islands","香港新界葵涌大连排道21-33号宏达工业中心1307室,深圳市光明区马田街道石围社区将石路181号A栋101,201、B栋、G栋",光明区,N,非港股通
港股(剔除),01480,恩达,工业工程,工业工程,工业工程,"Windward 3, Regatta Office Park, PO Box 1350, Grand Cayman, Cayman Islands","香港九龙观塘海滨道151–153号广生行中心809–810室,中国深圳坪山新区恩达路8号(西门)荔景南路81号(东正门)",—,N,非港股通
港股(剔除),01566,华夏文化科技,旅游及消闲设施,旅游及消闲设施,旅游及消闲设施,"Cricket Square, Hutchins Drive, P.O. Box 2681, Grand Cayman, Cayman Islands","香港湾仔港湾道26号华润大厦29楼2905室,中华人民共和国([中国])深圳龙岗区龙城街道友谊路华夏动漫创意产业园",龙岗区,N,非港股通
港股(剔除),01613,协同通信,软件服务,软件服务,软件服务,"Cricket Square, Hutchins Drive, P.O. Box 2681, Grand Cayman, Cayman Islands","香港九龙尖沙咀东部新文华中心A座10楼1011室,中国深圳市罗湖区清水河一路腾邦大厦B栋",罗湖区,N,非港股通
港股(剔除),01622,力高地产,地产,地产,地产,"Cricket Square, Hutchins Drive, PO Box 2681, Grand Cayman, Cayman Islands","香港九龙九龙湾宏照道39号企业广场3期2001-2号室,中华人民共和国深圳市南山区侨香路4080号侨城坊一期五号楼力高大厦",南山区,N,地产
港股(剔除),01626,嘉耀,工用支援,工用支援,工用支援,"P .O . Box 31119 Grand Pavilion, Hibiscus Way, 802 West Bay Road, Grand Cayman, Cayman Islands","香港铜锣湾勿地臣街1号时代广场二座28楼2812室,中国广东省深圳市南山区沙河西路3157号南山智谷产业园F栋19楼6室",南山区,N,非港股通
港股(剔除),01638,佳兆业,地产,地产,地产,"Cricket Square, Hutchins Drive, P.O. Box 2681, Grand Cayman, Cayman Islands","香港中环皇后大道中99号中环中心30楼,中国深圳市罗湖区人民南路嘉里中心3306室",罗湖区,N,地产
港股(剔除),01679,瑞斯康,软件服务,软件服务,软件服务,"Cricket Square, Hutchins Drive, PO Box 2681, Grand Cayman, Cayman Islands","香港九龙观塘巧明街100号Landmark East友邦九龙大楼31楼3102室,中国深圳市南山区西丽街道深圳国际创新谷8栋A座41楼",南山区,N,非港股通
港股(剔除),01698,腾讯音乐娱乐,媒体及娱乐,媒体及娱乐,媒体及娱乐,"PO Box 309, Ugland House, Grand Cayman, Cayman Islands","中国深圳市南山区高新科技园科技中三路科兴科学园D3栋12楼,香港铜锣湾希慎道33号利园一期19楼1920室",南山区,N,非港股通
港股(剔除),01757,环球华商俱乐部,建筑,建筑,建筑,"Windward 3, Regatta Office Park, P.O. Box 1350, Grand Cayman, Cayman Islands","中国深圳市龙岗区坂田街道岗头社区天安云谷产业园二期4栋2101至2105单元,香港中环夏悫道10号长江集团中心二期东座35楼2单元",龙岗区,N,非港股通
港股(剔除),01769,思考乐教育,支援服务,支援服务,支援服务,"Cricket Square, Hutchins Drive, P .O. Box 2681, Grand Cayman, Cayman Islands","香港九龙柯士甸道83号柯士甸广场22楼04室,中国深圳市罗湖区深南东路1001号深润大厦43楼",罗湖区,N,非港股通
港股(剔除),01777,花样年,地产,地产,地产,"Cricket Square, Hutchins Drive, PO Box 2681, Grand Cayman, Cayman Islands","香港中环干诺道中64号中华厂商会大厦21楼,中国广东省深圳市福田保税区市花路与紫荆路交汇处福年广场A栋",—,N,地产
港股(剔除),01778,彩生活服务,地产,地产,地产,"Cricket Square, Hutchins Drive, PO Box 2681, Grand Cayman, Cayman Islands","中国深圳市龙华区梅龙大道七星商业广场B座1203-09室,香港中环干诺道中64号中华厂商会大厦21楼",龙华区,N,地产
港股(剔除),01802,文业,建筑,建筑,建筑,"P.O. Box 31119, Grand Pavilion, Hibiscus Way, 802 West Bay Road, Grand Cayman, Cayman Islands","香港德辅道中121号远东发展大厦17楼1704室,中国深圳市罗湖区笋岗街道田心社区宝安北路3008号宝能中心E栋20层",罗湖区,N,非港股通
港股(剔除),01815,珠峰黄金,黄金及贵金属,黄金及贵金属,黄金及贵金属,"One Nexus Way, Camana Bay, Grand Cayman, Cayman Islands","香港上环干诺道中168-200号信德中心招商局大厦17楼05室,中国广东省深圳市罗湖区东晓街道独树社区布心路3008号水贝珠宝总部大厦A座37楼",罗湖区,N,非港股通
港股(剔除),01856,依波路,纺织及服饰,纺织及服饰,纺织及服饰,"P.O. Box 31119 Grand Pavilion, Hibiscus Way, 802 West Bay Road, Grand Cayman, Cayman Islands","香港沙田火炭黄竹洋街5-7号富昌中心12楼J室,中华人民共和国深圳光明新区公明街道金安路依波大厦",光明新区,N,非港股通
港股(剔除),01857,中国光大水务,公用事业,公用事业,公用事业,"Richmond House, 12 Par-la-Ville Road, Hamilton, Bermuda","中国广东省深圳市福田区深南大道1003号东方新天地广场A座26楼,香港夏悫道16号远东金融中心36楼3601室",福田区,N,非港股通
港股(剔除),01909,火岩,软件服务,软件服务,软件服务,"Clifton House, 75 Fort Street, P.O. Box 1350, Grand Cayman, Cayman Islands","香港德辅道中19号环球大厦22楼2201-2203室,中国深圳市南山区留仙大道3370号南山智园崇文园区1号楼9层",南山区,N,非港股通
港股(剔除),01967,信恳智能,工业工程,工业工程,工业工程,"Windward 3, Regatta Office Park, PO Box 1350, Grand Cayman, Cayman Islands","深圳宝安区福永街道白石厦新开发区第七栋,香港上环文咸东街50号宝恒商业中心17楼1705室",宝安区,N,非港股通
港股(剔除),02041,深圳麦科田生物医疗技术,其他医疗保健,其他医疗保健,其他医疗保健,中国深圳市南山区西丽街道西丽社区打石一路深圳国际创新谷7栋A座701房,"中国深圳市南山区西丽街道西丽社区打石一路深圳国际创新谷7栋A座701房,香港铜锣湾希慎道33号利园一期19楼1916室",南山区,N,非港股通
港股(剔除),02150,奈雪的茶,旅游及消闲设施,旅游及消闲设施,旅游及消闲设施,"190 Elgin Avenue, George Town, Grand Cayman, Cayman Islands","中国深圳市福田区车公庙工业区皇冠科技园3栋F门2楼,香港湾仔皇后大道东248号大新金融中心40楼",福田区,N,非港股通
港股(剔除),02168,佳兆业美好,地产,地产,地产,"Cricket Square, Hutchins Drive, P.O. Box 2681, Grand Cayman, Cayman Islands","香港铜锣湾希慎道33号利园一期19楼1901室,中国深圳市福田区南园路66号佳兆业中心A座507室",福田区,N,地产
港股(剔除),02178,百勤油田服务,石油及天然气,石油及天然气,石油及天然气,"Commerce House, Wickhams Cay 1, P.O. Box 3140, Road Town, Tortola, British Virgin Islands","香港九龙广东道30号新港中心一期16楼1603A室,中国广东深圳南山区海德三道天利中央商务广场A座7楼705-710室",南山区,N,非港股通
港股(剔除),02239,国微,资讯科技器材,资讯科技器材,资讯科技器材,"Maples Corporate, Services Limited, PO Box 309, Ugland House, Grand Cayman, Cayman Islands","香港湾仔港湾道26号华润大厦42楼4202-04室,中国深圳市南山区科技园南区高新南一道国微大厦",南山区,N,非港股通
港股(剔除),02283,东江,工业工程,工业工程,工业工程,"Cricket Square, Hutchins Drive, PO Box 2681, Grand Cayman, Cayman Islands","香港新界荃湾青山道491-501号嘉力工业中心B座9楼19号,中国深圳光明区凤凰街道办塘家社区东江科技工业园",光明区,N,非港股通
港股(剔除),02369,酷派,资讯科技器材,资讯科技器材,资讯科技器材,"Cricket Square, Hutchins Drive, P.O. Box 2681, Grand Cayman, Cayman Islands","香港湾仔港湾道18号中环广场11字楼1105室,深圳市南山区高新技术产业园北区梦溪道2号酷派信息港",南山区,N,非港股通
港股(剔除),02370,力高健康生活,地产,地产,地产,"Cricket Square, Hutchins Drive, P.O. Box 2681, Grand Cayman, Cayman Islands","香港九龙九龙湾宏照道39号企业广场3期2001-2室,中国深圳市南山区侨香路4080号一期侨城坊5号楼力高大厦14楼",南山区,N,地产
港股(剔除),02411,深圳百果园实业,食物饮品,食物饮品,食物饮品,深圳市盐田区海山街道鹏湾社区深盐路2005号百果园科技大厦1701,"中国广东省深圳市龙岗区南湾街道下李朗社区平吉大道1号建昇大厦B座B1101-1103、B1105-1113、B1115-1122、B1201-1203、B1205-1213、B1215-1217,香港湾仔皇后大道东248号大新金融中心40楼",盐田区,N,非港股通
港股(剔除),02429,北京友宝在线科技,食物饮品,食物饮品,食物饮品,中国北京市密云区经济发展区康宝路8号云开置业办公楼128室,"中国深圳市南山区深云西二路天健创智中心A塔4楼,香港铜锣湾希慎道33号利园一期19楼1922室",南山区,N,非港股通
港股(剔除),02431,深圳佑驾创新科技,软件服务,软件服务,软件服务,中国广东省深圳市福田区沙头街道上沙社区滨河大道9285号中洲滨海商业中心二期1栋A座25层,"香港铜锣湾希慎道33号利园一期19楼1918室,中国广东省深圳市福田区沙头街道上沙社区滨河大道9285号中洲滨海商业中心二期1栋A座25层",福田区,N,非港股通
港股(剔除),02436,凌雄科技,资讯科技器材,资讯科技器材,资讯科技器材,"PO Box 309, Ugland House, Grand Cayman, Cayman Islands","中国深圳市福田区梅林街道孖岭社区凯丰路10号翠林大厦5楼501,香港观塘创业街25号创富中心22楼5-6室",福田区,N,非港股通
港股(剔除),02458,望尘科技,软件服务,软件服务,软件服务,"PO Box 309, Ugland House, Grand Cayman, Cayman Islands","中国深圳前海深港合作区南山街道兴海大道3040号前海世茂金融中心二期4203–4204,香港北角电气道148号31楼",前海深港合作区,N,非港股通
港股(剔除),02488,深圳市元征科技,汽车,汽车,汽车,深圳市龙岗区阪田街道五和大道北4012号元征工业园,"元征工业园中华人民共和国深圳市龙岗区雪岗工业区五和大道北,香港中环皇后大道中70号卡佛大厦1104室",龙岗区,N,非港股通
港股(剔除),02503,中深建业,建筑,建筑,建筑,"Cricket Square, Hutchins Drive,P.O.Box 2681, Grand Cayman, Cayman Islands","中国广东省深圳市光明区光明大道与东长路交叉口东南侧南太云创谷2栋615–616号,香港湾仔轩尼诗道302–308号集成中心12楼1204室",光明区,N,非港股通
港股(剔除),02505,EDA,工用支援,工用支援,工用支援,"P.O. Box 31119 Grand Pavilion, Hibiscus Way, 802 West Bay Road, Grand Cayman, Cayman Islands","中国深圳宝安区新安街道兴东社区稻兴环球科创中心A座21层,香港新界荃湾杨屋道88号88广场35楼G室",宝安区,N,非港股通
港股(剔除),02511,君圣泰医药,药品及生物科技,药品及生物科技,药品及生物科技,"Cricket Square, Hutchins Drive, P.O. Box 2681, Grand Cayman, Cayman Islands","中国广东省深圳市龙岗区吉华街道甘李二路中海信创新产业城18B-102,香港湾仔皇后大道东248号大新金融中心40楼",龙岗区,N,非港股通
港股(剔除),02519,傲基跨境商务,专业零售,专业零售,专业零售,中国广东省深圳市龙岗区南湾街道李朗社区平吉大道66号康利信息谷大楼106室,"中国广东省深圳市龙岗区南湾街道李朗社区平吉大道66号康利信息谷大楼106室,香港铜锣湾希慎道33号利园一期19楼1918室",龙岗区,N,非港股通
港股(剔除),02543,大行科工,家庭电器及用品,家庭电器及用品,家庭电器及用品,中国深圳宝安区松岗街道沙浦社区艺展四路8号艺展商务大厦801,"中国深圳宝安区松岗街道沙浦社区艺展四路8号艺展商务大厦801,香港中环皇后大道中5号衡怡大厦28楼",宝安区,N,非港股通
港股(剔除),02550,宜搜科技,媒体及娱乐,媒体及娱乐,媒体及娱乐,"Suite 102, Cannon Place, P.O. Box 712, North Sound Road, George Town Grand Cayman, Cayman Islands","中国深圳市南山区科园路软件产业基地5C栋403室,香港上环文咸东街50号Strand 50 13楼6室",南山区,N,非港股通
港股(剔除),02660,禅游科技,软件服务,软件服务,软件服务,"Cricket Square, Hutchins Drive, P.O. Box 2681, Grand Cayman, Cayman Islands","香港九龙新蒲岗大有街3号万迪广场27楼G室,中国深圳市南山区科技园科技南十二路长虹科技大厦1304-06室",南山区,N,非港股通
港股(剔除),02677,卓正医疗,其他医疗保健,其他医疗保健,其他医疗保健,"Floor 4, Willow House, Cricket Square, Grand Cayman, Cayman Islands","中国深圳市南山区工业四路万融大厦A座4楼,香港铜锣湾希慎道33号利园第一期19楼1901室",南山区,N,非港股通
港股(剔除),03231,优地机器人,资讯科技器材,资讯科技器材,资讯科技器材,中国江苏省无锡市无锡经济开发区高浪东路999-8号B2栋6层7-11轴,"中国广东省深圳市宝安区新安街道兴东社区67区留芳路庭威产业园1号楼5D,香港德辅道中188号金龙中心19楼",宝安区,N,非港股通
港股(剔除),03303,巨涛海洋石油服务,石油及天然气,石油及天然气,石油及天然气,"Cricket Square, Hutchins Drive, PO Box 2681, Grand Cayman, Cayman Islands","香港中环皇后大道中9号18楼,中国深圳市南山区蛇口赤湾石油大厦十楼",南山区,N,非港股通
港股(剔除),03680,瑞和数智科技,软件服务,软件服务,软件服务,"Cricket Square, Hutchins Drive, P.O. Box 2681, Grand Cayman, Cayman Islands","香港铜锣湾希慎道33号利园一期19楼1928室,中华人民共和国广东省深圳市南山区粤海街道高新南四道18号创维半导体设计大厦西座1901室",南山区,N,非港股通
港股(剔除),03709,赢家时尚,纺织及服饰,纺织及服饰,纺织及服饰,"Cricket Square, Hutchins Drive, P.O. Box 2681, Grand Cayman, Cayman Islands","九龙尖沙咀广东道25号海港城港威大厦第一座8楼812室,中国广东省深圳市福田区泰然九路红松大厦B座7层",福田区,N,非港股通
港股(剔除),03773,银盛数惠数字,媒体及娱乐,媒体及娱乐,媒体及娱乐,"PO Box 309, Ugland House, Grand Cayman,Cayman Islands","香港湾仔皇后大道东248号大新金融中心40楼,中国深圳市南山区中山园路1001号TCL国际E城F5栋5楼",南山区,N,非港股通
港股(剔除),03828,明辉国际,消费者主要零售商,消费者主要零售商,消费者主要零售商,"P.O. Box 309GT, Ugland House, South Church Street, George Town, Grand Cayman, Cayman Islands","香港新界荃湾海盛路3号TML广场8楼D3室,中国深圳市龙岗区平湖白坭坑明辉",龙岗区,N,非港股通
港股(剔除),03882,天彩,家庭电器及用品,家庭电器及用品,家庭电器及用品,"P.O. Box 31119 Grand Pavilion, Hibiscus Way, 802 West Bay Road, Grand Cayman, Cayman Islands","中国深圳市宝安区沙井街道沙二社区安托山高科技工业园8号厂房及9号厂房1–2楼,香港九龙观塘海滨道133号万兆丰中心23楼B1室",宝安区,N,非港股通
港股(剔除),06036,光丽科技,工业工程,工业工程,工业工程,"Cricket Square, Hutchins Drive, P O Box 2681, Grand Cayman, Cayman Islands","香港九龙长顺街1号新昌工业大厦1楼2–3室,中国深圳福田区天安创新科技广场A1303室",福田区,N,非港股通
港股(剔除),06189,广东爱得威建设,建筑,建筑,建筑,中国深圳市福田区八卦一路鹏益花园1号楼3层,"香港上环文咸东街50号宝恒商业中心17楼1705室,中国深圳市福田区八卦一路鹏益花园1号楼3层",福田区,N,非港股通
港股(剔除),06668,星盛商业管理,地产,地产,地产,"71 Fort Street, PO Box 500, George Town,  Grand Cayman, Cayman Islands","香港上环干诺道中111号永安中心17楼1704室,中国广东省深圳市龙岗区雅宝路1号星河WorldA栋32楼",龙岗区,N,地产
港股(剔除),06980,八马茶业,食物饮品,食物饮品,食物饮品,中国广东省深圳市罗湖区南湖街道东门南路华都园大厦7楼,"中国广东省深圳市罗湖区南湖街道东门南路华都园大厦7楼,香港湾仔皇后大道东248号大新金融中心40楼",罗湖区,N,非港股通
港股(剔除),06989,卓越商企服务,地产,地产,地产,"Cricket Square, Hutchins Drive, PO Box 2681, Grand Cayman, Cayman Islands","中国广东省深圳市福田区福华三路卓越世纪中心4号楼4楼,香港湾仔皇后大道东248号阳光中心40楼",福田区,N,地产
港股(剔除),07656,厦门瑞为信息技术,软件服务,软件服务,软件服务,中国福建省厦门市火炬高新区望海路37号软件园二期401室,"中国广东省深圳市南山区西丽街道沙河西路3185号南山智谷产业园F座4–5层,香港铜锣湾希慎道33号利园一期19楼1922室",南山区,N,非港股通
港股(剔除),08017,捷利交易宝金融科技,软件服务,软件服务,软件服务,"Windward 3, Regatta Office Park, PO Box 1350, Grand Cayman, Cayman Islands","香港干诺道中168–200号信德中心西翼3405室,中国深圳市前海深港合作区南山街道兴海大道3040号前海世茂金融中心二期2808室",前海深港合作区,N,非港股通
港股(剔除),08047,中国海洋集团发展,工用支援,工用支援,工用支援,"Clarendon House, 2 Church Street, Hamilton, Bermuda","香港上环干诺道西28号威胜商业大厦18楼1812室,中国广东省深圳市福田区福保街道石厦北二街新天世纪商务中心B座17楼14室",福田区,N,非港股通
港股(剔除),08132,百能国际能源,石油及天然气,石油及天然气,石油及天然气,"Cricket Square, Hutchins Drive, P.O. Box 2681, Grand Cayman, Cayman Islands","香港九龙尖沙咀东部么地道61号冠华中心2楼202B室,中华人民共和国广东省深圳市宝安区松岗街道松岗社区东风工业区3、4及5栋",宝安区,N,非港股通
港股(剔除),08147,云晶数智科技,家庭电器及用品,家庭电器及用品,家庭电器及用品,"Windward 3, Regatta Office Park, P.O. Box 1350, Grand Cayman, Cayman Islands","香港尖沙咀加连威老道92号幸福中心4楼5室,中国广东省深圳市坪山新区出口加工区兰竹路西裕灿工业园B3栋",—,N,非港股通
港股(剔除),08152,明梁,工业工程,工业工程,工业工程,"Windward 3, Regatta Office Park, P.O. Box 1350, Grand Cayman, Cayman Islands","香港九龙尖沙咀漆咸道南17-19号帝后广场21楼,中国深圳市罗湖区建设路1072号东方广场2009室,5 Yishun Industrial Street 1, #02-04/05,North Spring Bizhub,Singapore 768161",罗湖区,N,非港股通
港股(剔除),08223,紫元元,其他医疗保健,其他医疗保健,其他医疗保健,"P.O. Box 31119 Grand Pavilion, Hibiscus Way, 802 West Bay Road, Grand Cayman, Cayman Islands","香港西营盘干诺道西135号锦添工业大厦R楼15室,中国深圳市南山区大新路198号马家龙创新大厦A座10层",南山区,N,非港股通
港股(剔除),08297,海纳星空科技,纺织及服饰,纺织及服饰,纺织及服饰,"Windward 3, Regatta Office Park, P.O. Box 1350, Grand Cayman, Cayman Islands","香港上环德辅道中317-319号启德商业大厦16楼1606D&E室,中国广东省深圳市龙岗区平湖大街平湖社区隔圳东路5栋4楼",龙岗区,N,非港股通
港股(剔除),08329,深圳市海王英特龙生物技术,药品及生物科技,药品及生物科技,药品及生物科技,深圳市南山区粤海街道麻岭社区科技中三路1号海王银河科技大厦1702,香港鲗鱼涌英皇道979号太古坊一座43楼,南山区,N,非港股通
港股(剔除),08392,舍图,家庭电器及用品,家庭电器及用品,家庭电器及用品,"P.O.Box 31119, Grand Pavilion, Hibiscus Way,802 West Bay Road, Grand Cayman, Cayman Islands","香港九龙观塘鸿图道57号南洋广场25楼2504室,中国深圳罗湖东方广场23楼01至11室",—,N,非港股通
港股(剔除),08452,富银融资租赁,工业工程,工业工程,工业工程,中国广东省深圳市前海深港合作区前湾一路1号A栋201室,"中国广东省深圳市福田区新洲十一街128号祥祺大厦1603室,香港湾仔皇后大道东248号大新金融中心40楼",前海深港合作区,N,非港股通
港股(剔除),08511,民富国际,工业工程,工业工程,工业工程,"Cricket Square, Hutchins Drive, P.O. Box 2681, Grand Cayman, Cayman Islands","香港铜锣湾希慎道33号利园一期1911室,中国深圳市南山区太子路22号金融中心大厦16楼1室",南山区,N,非港股通
港股(剔除),08620,亚洲速运物流,工用运输,工用运输,工用运输,"Cricket Square, Hutchins Drive, PO Box 2681, Grand Cayman, Cayman Islands","香港新界葵涌葵丰街38–42号大鸿辉(葵涌)中心二期3楼,中国深圳市福田区皇岗口岸福田南路38号广银大厦1209、1211、1213、1215、1217及1219室",福田区,N,非港股通
港股(剔除),09959,联易融科技,软件服务,软件服务,软件服务,"Palm Grove Unit 4, 265 Smith Road, George Town, P.O. Box 52A Edgewater Way, #1653, Grand Cayman, Cayman Islands","中国广东省深圳市南山区科苑南路3099号中国储能大厦36楼,香港湾仔皇后大道东248号大新金融中心40楼",南山区,N,非港股通
港股(剔除),09971,深圳基本半导体,半导体,半导体,半导体,中国深圳市坪山区龙田街道老坑社区光科一路6号青铜剑科技大厦1栋801,"中国深圳市南山区国家工程实验室大楼B座11层,香港湾仔皇后大道东248号大新金融中心40楼",坪山区,N,非港股通
港股(剔除),09976,深圳市江波龙电子,半导体,半导体,半导体,中国深圳市前海深港合作区南山街道听海大道5059号鸿荣源前海金融中心二期B座2001、2201、2301,深圳市前海深港合作区南山街道听海大道5059号鸿荣源前海金融中心二期B座2001、2201、2301,前海深港合作区,N,非港股通
